file_row,larkspur_ref,load_status,reject_reason
1,LKS-000201,loaded,
2,LKS-000202,loaded,
3,LKS-000203,loaded,
4,LKS-000204,loaded,
5,LKS-000205,loaded,
6,LKS-000206,loaded,
7,LKS-000207,loaded,
8,LKS-000208,loaded,
9,LKS-000209,loaded,
10,LKS-000210,loaded,
11,LKS-000211,loaded,
12,LKS-000212,loaded,
13,LKS-000213,loaded,
14,LKS-000214,loaded,
15,LKS-000215,loaded,
16,LKS-000216,loaded,
17,LKS-000217,loaded,
18,LKS-000218,loaded,
19,LKS-000219,loaded,
20,LKS-000220,loaded,
21,LKS-000221,loaded,
22,LKS-000222,loaded,
23,LKS-000223,loaded,
24,LKS-000224,loaded,
25,LKS-000225,rejected,invalid_weight
26,LKS-000226,loaded,
27,LKS-000227,loaded,
28,LKS-000228,loaded,
29,LKS-000229,loaded,
30,LKS-000230,loaded,
31,LKS-000231,loaded,
32,LKS-000232,loaded,
33,LKS-000233,loaded,
34,LKS-000234,loaded,
35,LKS-000235,loaded,
36,LKS-000236,loaded,
37,LKS-000237,loaded,
38,LKS-000238,loaded,
39,LKS-000239,loaded,
40,LKS-000240,loaded,
41,LKS-000241,loaded,
42,LKS-000242,loaded,
43,LKS-000243,loaded,
44,LKS-000244,loaded,
45,LKS-000245,loaded,
46,LKS-000246,loaded,
47,LKS-000247,loaded,
48,LKS-000248,loaded,
49,LKS-000249,loaded,
50,LKS-000250,loaded,
51,LKS-000251,loaded,
52,LKS-000252,loaded,
53,LKS-000253,loaded,
54,LKS-000254,loaded,
55,LKS-000255,loaded,
56,LKS-000256,loaded,
57,LKS-000257,loaded,
58,LKS-000258,loaded,
59,LKS-000259,loaded,
60,LKS-000210,rejected,duplicate_ref
61,LKS-000261,loaded,
62,LKS-000262,loaded,
63,LKS-000263,loaded,
64,LKS-000264,loaded,
65,LKS-000265,loaded,
66,LKS-000266,loaded,
67,LKS-000267,loaded,
68,LKS-000268,loaded,
69,LKS-000269,loaded,
70,LKS-000270,loaded,
71,LKS-000271,loaded,
72,LKS-000272,loaded,
73,LKS-000273,loaded,
74,LKS-000274,loaded,
75,LKS-000275,loaded,
76,LKS-000276,loaded,
77,LKS-000277,loaded,
78,LKS-000278,loaded,
79,LKS-000279,loaded,
80,LKS-000280,loaded,
81,LKS-000281,loaded,
82,LKS-000282,loaded,
83,LKS-000283,loaded,
84,LKS-000284,loaded,
85,LKS-000285,loaded,
86,LKS-000286,loaded,
87,LKS-000287,loaded,
88,LKS-000288,loaded,
89,LKS-000289,loaded,
90,LKS-000290,loaded,
91,LKS-000291,loaded,
92,LKS-000292,loaded,
93,LKS-000293,loaded,
94,LKS-000294,loaded,
95,LKS-000295,loaded,
96,LKS-000296,loaded,
97,LKS-000297,loaded,
98,LKS-000298,loaded,
99,LKS-000299,loaded,
100,LKS-000300,rejected,invalid_state
101,LKS-000301,loaded,
102,LKS-000302,loaded,
103,LKS-000303,loaded,
104,LKS-000304,loaded,
105,LKS-000305,loaded,
106,LKS-000306,loaded,
107,LKS-000307,loaded,
108,LKS-000308,loaded,
109,LKS-000309,loaded,
110,LKS-000310,loaded,
111,LKS-000311,loaded,
112,LKS-000312,loaded,
113,LKS-000313,loaded,
114,LKS-000314,loaded,
115,LKS-000315,loaded,
116,LKS-000316,loaded,
117,LKS-000317,loaded,
118,LKS-000318,loaded,
119,LKS-000319,loaded,
120,LKS-000320,loaded,
121,LKS-000321,loaded,
122,LKS-000322,loaded,
123,LKS-000323,loaded,
124,LKS-000324,loaded,
125,LKS-000325,loaded,
126,LKS-000326,loaded,
127,LKS-000327,loaded,
128,LKS-000328,loaded,
129,LKS-000329,loaded,
130,LKS-000240,rejected,duplicate_ref
131,LKS-000331,loaded,
132,LKS-000332,loaded,
133,LKS-000333,loaded,
134,LKS-000334,loaded,
135,LKS-000335,loaded,
136,LKS-000336,loaded,
137,LKS-000337,loaded,
138,LKS-000338,loaded,
139,LKS-000339,loaded,
140,LKS-000340,loaded,
141,LKS-000341,loaded,
142,LKS-000342,loaded,
143,LKS-000343,loaded,
144,LKS-000344,loaded,
145,LKS-000345,loaded,
146,LKS-000346,loaded,
147,LKS-000347,loaded,
148,LKS-000348,loaded,
149,LKS-000349,loaded,
150,LKS-000350,rejected,missing_zip
151,LKS-000351,loaded,
152,LKS-000352,loaded,
153,LKS-000353,loaded,
154,LKS-000354,loaded,
155,LKS-000355,loaded,
156,LKS-000356,loaded,
157,LKS-000357,loaded,
158,LKS-000358,loaded,
159,LKS-000359,loaded,
160,LKS-000360,loaded,
161,LKS-000361,loaded,
162,LKS-000362,loaded,
163,LKS-000363,loaded,
164,LKS-000364,loaded,
165,LKS-000365,loaded,
166,LKS-000366,loaded,
167,LKS-000367,loaded,
168,LKS-000368,loaded,
169,LKS-000369,loaded,
170,LKS-000370,loaded,
171,LKS-000371,loaded,
172,LKS-000372,loaded,
173,LKS-000373,loaded,
174,LKS-000374,loaded,
175,LKS-000375,rejected,invalid_weight
176,LKS-000376,loaded,
177,LKS-000377,loaded,
178,LKS-000378,loaded,
179,LKS-000379,loaded,
180,LKS-000380,loaded,
181,LKS-000381,loaded,
182,LKS-000382,loaded,
183,LKS-000383,loaded,
184,LKS-000384,loaded,
185,LKS-000385,loaded,
186,LKS-000386,loaded,
187,LKS-000387,loaded,
188,LKS-000388,loaded,
189,LKS-000389,loaded,
190,LKS-000390,loaded,
191,LKS-000391,loaded,
192,LKS-000392,loaded,
193,LKS-000393,loaded,
194,LKS-000394,loaded,
195,LKS-000395,loaded,
196,LKS-000396,loaded,
197,LKS-000397,loaded,
198,LKS-000398,loaded,
199,LKS-000399,loaded,
200,LKS-000290,rejected,duplicate_ref
201,LKS-000401,loaded,
202,LKS-000402,loaded,
203,LKS-000403,loaded,
204,LKS-000404,loaded,
205,LKS-000405,loaded,
206,LKS-000406,loaded,
207,LKS-000407,loaded,
208,LKS-000408,loaded,
209,LKS-000409,loaded,
210,LKS-000410,loaded,
211,LKS-000411,loaded,
212,LKS-000412,loaded,
213,LKS-000413,loaded,
214,LKS-000414,loaded,
215,LKS-000415,loaded,
216,LKS-000416,loaded,
217,LKS-000417,loaded,
218,LKS-000418,loaded,
219,LKS-000419,loaded,
220,LKS-000420,loaded,
221,LKS-000421,loaded,
222,LKS-000422,loaded,
223,LKS-000423,loaded,
224,LKS-000424,loaded,
225,LKS-000425,loaded,
226,LKS-000426,loaded,
227,LKS-000427,loaded,
228,LKS-000428,loaded,
229,LKS-000429,loaded,
230,LKS-000430,loaded,
231,LKS-000431,loaded,
232,LKS-000432,loaded,
233,LKS-000433,loaded,
234,LKS-000434,loaded,
235,LKS-000435,loaded,
236,LKS-000436,loaded,
237,LKS-000437,loaded,
238,LKS-000438,loaded,
239,LKS-000439,loaded,
240,LKS-000440,loaded,
241,LKS-000441,loaded,
242,LKS-000442,loaded,
243,LKS-000443,loaded,
244,LKS-000444,loaded,
245,LKS-000445,loaded,
246,LKS-000446,loaded,
247,LKS-000447,loaded,
248,LKS-000448,loaded,
249,LKS-000449,loaded,
250,LKS-000450,loaded,
