call_id,shipment_id,call_date,disposition
CALL-00451,SHP-99000088,2026-07-01,no_answer
CALL-00098,SHP-99000088,2026-07-05,no_answer
CALL-00301,SHP-99000018,2026-07-05,no_answer
CALL-00320,SHP-99000164,2026-07-05,rescheduled
CALL-00123,SHP-99000067,2026-07-06,refused_delivery
CALL-00466,SHP-99000070,2026-07-06,left_voicemail
CALL-00288,SHP-99000181,2026-07-07,rescheduled
CALL-00399,SHP-99000057,2026-07-07,refused_delivery
CALL-00407,SHP-99000088,2026-07-07,bad_address
CALL-00129,SHP-99000067,2026-07-08,no_answer
CALL-00344,SHP-99000088,2026-07-08,no_answer
CALL-00386,SHP-99000142,2026-07-08,no_answer
CALL-00426,SHP-99000116,2026-07-09,no_answer
CALL-00125,SHP-99000122,2026-07-10,refused_delivery
CALL-00303,SHP-99000108,2026-07-10,no_answer
CALL-00334,SHP-99000099,2026-07-10,no_answer
CALL-00428,SHP-99000081,2026-07-10,rescheduled
CALL-00489,SHP-99000081,2026-07-10,refused_delivery
CALL-00082,SHP-99000195,2026-07-11,left_voicemail
CALL-00437,SHP-99000122,2026-07-11,left_voicemail
CALL-00326,SHP-99000112,2026-07-12,no_answer
CALL-00384,SHP-99000142,2026-07-12,no_answer
CALL-00465,SHP-99000195,2026-07-12,refused_delivery
CALL-00204,SHP-99000081,2026-07-13,refused_delivery
CALL-00277,SHP-99000142,2026-07-13,no_answer
CALL-00284,SHP-99000200,2026-07-13,no_answer
CALL-00377,SHP-99000067,2026-07-13,no_answer
CALL-00012,SHP-99000142,2026-07-14,refused_delivery
CALL-00226,SHP-99000114,2026-07-14,no_answer
CALL-00243,SHP-99000073,2026-07-14,rescheduled
CALL-00258,SHP-99000164,2026-07-14,bad_address
CALL-00265,SHP-99000181,2026-07-14,rescheduled
CALL-00093,SHP-99000195,2026-07-15,bad_address
CALL-00186,SHP-99000114,2026-07-15,bad_address
CALL-00405,SHP-99000108,2026-07-15,no_answer
CALL-00141,SHP-99000108,2026-07-16,rescheduled
CALL-00157,SHP-99000192,2026-07-16,no_answer
CALL-00308,SHP-99000034,2026-07-16,rescheduled
CALL-00358,SHP-99000056,2026-07-16,no_answer
CALL-00415,SHP-99000007,2026-07-16,left_voicemail
CALL-00473,SHP-99000057,2026-07-16,rescheduled
CALL-00015,SHP-99000028,2026-07-17,no_answer
CALL-00071,SHP-99000108,2026-07-17,refused_delivery
CALL-00212,SHP-99000024,2026-07-17,no_answer
CALL-00268,SHP-99000018,2026-07-17,no_answer
CALL-00331,SHP-99000108,2026-07-17,left_voicemail
CALL-00342,SHP-99000080,2026-07-17,rescheduled
CALL-00418,SHP-99000192,2026-07-17,rescheduled
CALL-00433,SHP-99000009,2026-07-17,left_voicemail
CALL-00052,SHP-99000181,2026-07-18,no_answer
CALL-00100,SHP-99000097,2026-07-18,left_voicemail
CALL-00176,SHP-99000073,2026-07-18,rescheduled
CALL-00270,SHP-99000018,2026-07-18,refused_delivery
CALL-00332,SHP-99000018,2026-07-18,rescheduled
CALL-00338,SHP-99000009,2026-07-18,no_answer
CALL-00412,SHP-99000136,2026-07-18,bad_address
CALL-00164,SHP-99000007,2026-07-19,rescheduled
CALL-00198,SHP-99000114,2026-07-19,left_voicemail
CALL-00202,SHP-99000094,2026-07-19,rescheduled
CALL-00282,SHP-99000028,2026-07-19,bad_address
CALL-00480,SHP-99000122,2026-07-19,rescheduled
CALL-00037,SHP-99000088,2026-07-20,rescheduled
CALL-00139,SHP-99000142,2026-07-20,left_voicemail
CALL-00274,SHP-99000037,2026-07-20,left_voicemail
CALL-00116,SHP-99000070,2026-07-21,no_answer
CALL-00161,SHP-99000170,2026-07-21,no_answer
CALL-00287,SHP-99000170,2026-07-21,no_answer
CALL-00335,SHP-99000028,2026-07-21,no_answer
CALL-00436,SHP-99000174,2026-07-21,no_answer
CALL-00448,SHP-99000142,2026-07-21,no_answer
CALL-00496,SHP-99000009,2026-07-21,no_answer
CALL-00013,SHP-99000123,2026-07-22,left_voicemail
CALL-00020,SHP-99000134,2026-07-22,left_voicemail
CALL-00090,SHP-99000034,2026-07-22,rescheduled
CALL-00096,SHP-99000073,2026-07-22,bad_address
CALL-00217,SHP-99000029,2026-07-22,left_voicemail
CALL-00375,SHP-99000130,2026-07-22,left_voicemail
CALL-00285,SHP-99000020,2026-07-23,no_answer
CALL-00417,SHP-99000140,2026-07-23,no_answer
CALL-00455,SHP-99000164,2026-07-23,rescheduled
CALL-00004,SHP-99000073,2026-07-24,bad_address
CALL-00056,SHP-99000099,2026-07-24,rescheduled
CALL-00094,SHP-99000122,2026-07-24,left_voicemail
CALL-00101,SHP-99000164,2026-07-24,no_answer
CALL-00140,SHP-99000099,2026-07-24,left_voicemail
CALL-00172,SHP-99000085,2026-07-24,refused_delivery
CALL-00180,SHP-99000032,2026-07-24,refused_delivery
CALL-00253,SHP-99000136,2026-07-24,bad_address
CALL-00276,SHP-99000058,2026-07-24,rescheduled
CALL-00413,SHP-99000132,2026-07-24,no_answer
CALL-00046,SHP-99000141,2026-07-25,no_answer
CALL-00215,SHP-99000123,2026-07-25,refused_delivery
CALL-00467,SHP-99000200,2026-07-25,left_voicemail
CALL-00010,SHP-99000100,2026-07-26,refused_delivery
CALL-00187,SHP-99000117,2026-07-26,rescheduled
CALL-00118,SHP-99000167,2026-07-27,bad_address
CALL-00206,SHP-99000122,2026-07-27,bad_address
CALL-00385,SHP-99000062,2026-07-27,refused_delivery
CALL-00406,SHP-99000060,2026-07-27,refused_delivery
CALL-00421,SHP-99000097,2026-07-27,rescheduled
CALL-00045,SHP-99000129,2026-07-28,no_answer
CALL-00087,SHP-99000029,2026-07-28,no_answer
CALL-00162,SHP-99000167,2026-07-28,no_answer
CALL-00349,SHP-99000058,2026-07-28,left_voicemail
CALL-00440,SHP-99000037,2026-07-28,no_answer
CALL-00017,SHP-99000119,2026-07-29,left_voicemail
CALL-00068,SHP-99000062,2026-07-29,left_voicemail
CALL-00112,SHP-99000117,2026-07-29,bad_address
CALL-00132,SHP-99000100,2026-07-29,bad_address
CALL-00178,SHP-99000136,2026-07-29,left_voicemail
CALL-00220,SHP-99000029,2026-07-29,refused_delivery
CALL-00223,SHP-99000013,2026-07-29,no_answer
CALL-00242,SHP-99000192,2026-07-29,refused_delivery
CALL-00248,SHP-99000056,2026-07-29,rescheduled
CALL-00262,SHP-99000167,2026-07-29,rescheduled
CALL-00396,SHP-99000192,2026-07-29,bad_address
CALL-00102,SHP-99000129,2026-07-30,left_voicemail
CALL-00394,SHP-99000109,2026-07-30,left_voicemail
CALL-00478,SHP-99000123,2026-07-30,left_voicemail
CALL-00345,SHP-99000192,2026-07-31,no_answer
CALL-00383,SHP-99000192,2026-07-31,refused_delivery
CALL-00457,SHP-99000032,2026-07-31,rescheduled
CALL-00479,SHP-99000037,2026-07-31,rescheduled
CALL-00008,SHP-99000037,2026-08-01,rescheduled
CALL-00067,SHP-99000117,2026-08-01,no_answer
CALL-00152,SHP-99000132,2026-08-01,left_voicemail
CALL-00240,SHP-99000007,2026-08-01,rescheduled
CALL-00246,SHP-99000020,2026-08-01,refused_delivery
CALL-00294,SHP-99000194,2026-08-01,left_voicemail
CALL-00328,SHP-99000170,2026-08-01,refused_delivery
CALL-00359,SHP-99000167,2026-08-01,refused_delivery
CALL-00438,SHP-99000032,2026-08-01,left_voicemail
CALL-00088,SHP-99000061,2026-08-02,left_voicemail
CALL-00131,SHP-99000020,2026-08-02,refused_delivery
CALL-00160,SHP-99000007,2026-08-02,rescheduled
CALL-00460,SHP-99000130,2026-08-02,no_answer
CALL-00189,SHP-99000100,2026-08-03,no_answer
CALL-00298,SHP-99000128,2026-08-03,refused_delivery
CALL-00299,SHP-99000102,2026-08-03,left_voicemail
CALL-00347,SHP-99000129,2026-08-03,no_answer
CALL-00362,SHP-99000039,2026-08-03,bad_address
CALL-00370,SHP-99000097,2026-08-03,no_answer
CALL-00431,SHP-99000009,2026-08-03,left_voicemail
CALL-00011,SHP-99000040,2026-08-04,bad_address
CALL-00026,SHP-99000037,2026-08-04,bad_address
CALL-00028,SHP-99000056,2026-08-04,left_voicemail
CALL-00076,SHP-99000184,2026-08-04,bad_address
CALL-00165,SHP-99000032,2026-08-04,left_voicemail
CALL-00295,SHP-99000194,2026-08-04,rescheduled
CALL-00333,SHP-99000161,2026-08-04,refused_delivery
CALL-00444,SHP-99000161,2026-08-04,rescheduled
CALL-00469,SHP-99000037,2026-08-04,rescheduled
CALL-00183,SHP-99000145,2026-08-05,rescheduled
CALL-00209,SHP-99000117,2026-08-05,refused_delivery
CALL-00230,SHP-99000091,2026-08-05,left_voicemail
CALL-00324,SHP-99000029,2026-08-05,no_answer
CALL-00340,SHP-99000190,2026-08-05,rescheduled
CALL-00109,SHP-99000169,2026-08-06,left_voicemail
CALL-00181,SHP-99000009,2026-08-06,refused_delivery
CALL-00423,SHP-99000184,2026-08-06,left_voicemail
CALL-00348,SHP-99000198,2026-08-07,rescheduled
CALL-00367,SHP-99000026,2026-08-07,left_voicemail
CALL-00446,SHP-99000148,2026-08-07,bad_address
CALL-00468,SHP-99000126,2026-08-07,no_answer
CALL-00491,SHP-99000145,2026-08-07,no_answer
CALL-00036,SHP-99000147,2026-08-08,rescheduled
CALL-00050,SHP-99000137,2026-08-08,bad_address
CALL-00074,SHP-99000160,2026-08-08,rescheduled
CALL-00084,SHP-99000118,2026-08-08,left_voicemail
CALL-00117,SHP-99000166,2026-08-08,no_answer
CALL-00144,SHP-99000010,2026-08-08,rescheduled
CALL-00216,SHP-99000121,2026-08-08,no_answer
CALL-00387,SHP-99000005,2026-08-08,left_voicemail
CALL-00402,SHP-99000008,2026-08-08,no_answer
CALL-00410,SHP-99000179,2026-08-08,refused_delivery
CALL-00023,SHP-99000026,2026-08-09,left_voicemail
CALL-00024,SHP-99000118,2026-08-09,left_voicemail
CALL-00106,SHP-99000193,2026-08-09,left_voicemail
CALL-00158,SHP-99000126,2026-08-09,left_voicemail
CALL-00197,SHP-99000003,2026-08-09,rescheduled
CALL-00031,SHP-99000030,2026-08-10,left_voicemail
CALL-00107,SHP-99000090,2026-08-10,refused_delivery
CALL-00128,SHP-99000137,2026-08-10,no_answer
CALL-00293,SHP-99000126,2026-08-10,no_answer
CALL-00296,SHP-99000011,2026-08-10,refused_delivery
CALL-00304,SHP-99000145,2026-08-10,no_answer
CALL-00401,SHP-99000184,2026-08-10,no_answer
CALL-00456,SHP-99000071,2026-08-10,no_answer
CALL-00078,SHP-99000179,2026-08-11,no_answer
CALL-00124,SHP-99000050,2026-08-11,left_voicemail
CALL-00134,SHP-99000169,2026-08-11,no_answer
CALL-00193,SHP-99000054,2026-08-11,rescheduled
CALL-00430,SHP-99000128,2026-08-11,rescheduled
CALL-00450,SHP-99000085,2026-08-11,rescheduled
CALL-00476,SHP-99000005,2026-08-11,no_answer
CALL-00485,SHP-99000105,2026-08-11,rescheduled
CALL-00041,SHP-99000157,2026-08-12,refused_delivery
CALL-00044,SHP-99000145,2026-08-12,left_voicemail
CALL-00055,SHP-99000005,2026-08-12,left_voicemail
CALL-00146,SHP-99000054,2026-08-12,no_answer
CALL-00261,SHP-99000172,2026-08-12,no_answer
CALL-00279,SHP-99000135,2026-08-12,left_voicemail
CALL-00372,SHP-99000147,2026-08-12,no_answer
CALL-00378,SHP-99000141,2026-08-12,left_voicemail
CALL-00408,SHP-99000182,2026-08-12,refused_delivery
CALL-00014,SHP-99000194,2026-08-13,no_answer
CALL-00072,SHP-99000002,2026-08-13,left_voicemail
CALL-00075,SHP-99000019,2026-08-13,no_answer
CALL-00081,SHP-99000010,2026-08-13,refused_delivery
CALL-00147,SHP-99000159,2026-08-13,no_answer
CALL-00167,SHP-99000003,2026-08-13,no_answer
CALL-00225,SHP-99000050,2026-08-13,no_answer
CALL-00439,SHP-99000054,2026-08-13,no_answer
CALL-00281,SHP-99000157,2026-08-14,rescheduled
CALL-00434,SHP-99000019,2026-08-14,no_answer
CALL-00453,SHP-99000198,2026-08-14,left_voicemail
CALL-00492,SHP-99000187,2026-08-14,rescheduled
CALL-00029,SHP-99000008,2026-08-15,refused_delivery
CALL-00047,SHP-99000147,2026-08-15,refused_delivery
CALL-00086,SHP-99000161,2026-08-15,rescheduled
CALL-00207,SHP-99000161,2026-08-15,rescheduled
CALL-00232,SHP-99000054,2026-08-15,bad_address
CALL-00482,SHP-99000173,2026-08-15,no_answer
CALL-00105,SHP-99000169,2026-08-16,rescheduled
CALL-00126,SHP-99000051,2026-08-16,left_voicemail
CALL-00245,SHP-99000147,2026-08-16,bad_address
CALL-00302,SHP-99000087,2026-08-16,left_voicemail
CALL-00464,SHP-99000145,2026-08-16,no_answer
CALL-00477,SHP-99000105,2026-08-16,left_voicemail
CALL-00483,SHP-99000173,2026-08-16,no_answer
CALL-00497,SHP-99000010,2026-08-16,left_voicemail
CALL-00092,SHP-99000071,2026-08-17,left_voicemail
CALL-00145,SHP-99000125,2026-08-17,no_answer
CALL-00219,SHP-99000194,2026-08-17,rescheduled
CALL-00231,SHP-99000061,2026-08-17,no_answer
CALL-00259,SHP-99000159,2026-08-17,rescheduled
CALL-00119,SHP-99000154,2026-08-18,left_voicemail
CALL-00255,SHP-99000026,2026-08-18,bad_address
CALL-00257,SHP-99000169,2026-08-18,refused_delivery
CALL-00311,SHP-99000159,2026-08-18,refused_delivery
CALL-00495,SHP-99000019,2026-08-18,no_answer
CALL-00033,SHP-99000092,2026-08-19,no_answer
CALL-00066,SHP-99000010,2026-08-19,left_voicemail
CALL-00095,SHP-99000005,2026-08-19,refused_delivery
CALL-00238,SHP-99000157,2026-08-19,left_voicemail
CALL-00382,SHP-99000093,2026-08-19,left_voicemail
CALL-00099,SHP-99000061,2026-08-20,refused_delivery
CALL-00191,SHP-99000005,2026-08-20,left_voicemail
CALL-00260,SHP-99000190,2026-08-20,left_voicemail
CALL-00111,SHP-99000176,2026-08-21,no_answer
CALL-00143,SHP-99000052,2026-08-21,no_answer
CALL-00381,SHP-99000015,2026-08-21,bad_address
CALL-00471,SHP-99000066,2026-08-21,no_answer
CALL-00486,SHP-99000035,2026-08-21,left_voicemail
CALL-00059,SHP-99000161,2026-08-22,bad_address
CALL-00211,SHP-99000004,2026-08-22,left_voicemail
CALL-00266,SHP-99000077,2026-08-22,rescheduled
CALL-00392,SHP-99000193,2026-08-22,rescheduled
CALL-00449,SHP-99000161,2026-08-22,refused_delivery
CALL-00077,SHP-99000165,2026-08-23,rescheduled
CALL-00113,SHP-99000120,2026-08-23,rescheduled
CALL-00273,SHP-99000131,2026-08-23,refused_delivery
CALL-00289,SHP-99000054,2026-08-23,no_answer
CALL-00346,SHP-99000131,2026-08-23,no_answer
CALL-00350,SHP-99000047,2026-08-23,no_answer
CALL-00356,SHP-99000083,2026-08-23,rescheduled
CALL-00360,SHP-99000191,2026-08-23,no_answer
CALL-00435,SHP-99000101,2026-08-23,left_voicemail
CALL-00002,SHP-99000096,2026-08-24,no_answer
CALL-00018,SHP-99000015,2026-08-24,rescheduled
CALL-00039,SHP-99000187,2026-08-24,no_answer
CALL-00256,SHP-99000152,2026-08-24,left_voicemail
CALL-00272,SHP-99000044,2026-08-24,rescheduled
CALL-00291,SHP-99000105,2026-08-24,refused_delivery
CALL-00329,SHP-99000180,2026-08-24,bad_address
CALL-00445,SHP-99000066,2026-08-24,no_answer
CALL-00003,SHP-99000154,2026-08-25,no_answer
CALL-00177,SHP-99000014,2026-08-25,bad_address
CALL-00218,SHP-99000049,2026-08-25,rescheduled
CALL-00025,SHP-99000083,2026-08-26,refused_delivery
CALL-00122,SHP-99000054,2026-08-26,left_voicemail
CALL-00184,SHP-99000169,2026-08-26,left_voicemail
CALL-00200,SHP-99000146,2026-08-26,no_answer
CALL-00292,SHP-99000077,2026-08-26,left_voicemail
CALL-00400,SHP-99000125,2026-08-26,refused_delivery
CALL-00488,SHP-99000005,2026-08-26,no_answer
CALL-00494,SHP-99000033,2026-08-26,left_voicemail
CALL-00065,SHP-99000152,2026-08-27,rescheduled
CALL-00091,SHP-99000133,2026-08-27,rescheduled
CALL-00409,SHP-99000023,2026-08-27,refused_delivery
CALL-00411,SHP-99000154,2026-08-27,left_voicemail
CALL-00452,SHP-99000096,2026-08-27,refused_delivery
CALL-00475,SHP-99000176,2026-08-27,refused_delivery
CALL-00001,SHP-99000180,2026-08-28,no_answer
CALL-00005,SHP-99000156,2026-08-28,bad_address
CALL-00104,SHP-99000052,2026-08-28,left_voicemail
CALL-00239,SHP-99000093,2026-08-28,left_voicemail
CALL-00336,SHP-99000143,2026-08-28,refused_delivery
CALL-00357,SHP-99000175,2026-08-28,left_voicemail
CALL-00371,SHP-99000180,2026-08-28,rescheduled
CALL-00484,SHP-99000044,2026-08-28,no_answer
CALL-00499,SHP-99000077,2026-08-28,left_voicemail
CALL-00097,SHP-99000185,2026-08-29,no_answer
CALL-00168,SHP-99000138,2026-08-29,no_answer
CALL-00173,SHP-99000124,2026-08-29,rescheduled
CALL-00192,SHP-99000068,2026-08-29,rescheduled
CALL-00201,SHP-99000188,2026-08-29,refused_delivery
CALL-00205,SHP-99000144,2026-08-29,no_answer
CALL-00235,SHP-99000044,2026-08-29,no_answer
CALL-00379,SHP-99000191,2026-08-29,rescheduled
CALL-00422,SHP-99000107,2026-08-29,left_voicemail
CALL-00424,SHP-99000022,2026-08-29,left_voicemail
CALL-00048,SHP-99000069,2026-08-30,left_voicemail
CALL-00249,SHP-99000015,2026-08-30,no_answer
CALL-00034,SHP-99000001,2026-08-31,rescheduled
CALL-00135,SHP-99000002,2026-08-31,rescheduled
CALL-00224,SHP-99000149,2026-08-31,left_voicemail
CALL-00297,SHP-99000183,2026-08-31,bad_address
CALL-00330,SHP-99000069,2026-08-31,rescheduled
CALL-00403,SHP-99000087,2026-08-31,no_answer
CALL-00414,SHP-99000066,2026-08-31,refused_delivery
CALL-00049,SHP-99000069,2026-09-01,left_voicemail
CALL-00057,SHP-99000086,2026-09-01,no_answer
CALL-00060,SHP-99000101,2026-09-01,rescheduled
CALL-00148,SHP-99000074,2026-09-01,rescheduled
CALL-00227,SHP-99000098,2026-09-01,no_answer
CALL-00316,SHP-99000096,2026-09-01,no_answer
CALL-00361,SHP-99000176,2026-09-01,refused_delivery
CALL-00376,SHP-99000087,2026-09-01,no_answer
CALL-00500,SHP-99000049,2026-09-01,refused_delivery
CALL-00042,SHP-99000177,2026-09-02,no_answer
CALL-00085,SHP-99000189,2026-09-02,rescheduled
CALL-00156,SHP-99000180,2026-09-02,left_voicemail
CALL-00196,SHP-99000015,2026-09-02,left_voicemail
CALL-00251,SHP-99000103,2026-09-02,no_answer
CALL-00252,SHP-99000065,2026-09-02,refused_delivery
CALL-00290,SHP-99000189,2026-09-02,no_answer
CALL-00312,SHP-99000016,2026-09-02,left_voicemail
CALL-00369,SHP-99000077,2026-09-02,rescheduled
CALL-00443,SHP-99000131,2026-09-02,rescheduled
CALL-00459,SHP-99000049,2026-09-02,left_voicemail
CALL-00462,SHP-99000143,2026-09-02,left_voicemail
CALL-00019,SHP-99000049,2026-09-03,refused_delivery
CALL-00054,SHP-99000012,2026-09-03,left_voicemail
CALL-00150,SHP-99000082,2026-09-03,left_voicemail
CALL-00155,SHP-99000138,2026-09-03,no_answer
CALL-00179,SHP-99000138,2026-09-03,left_voicemail
CALL-00470,SHP-99000065,2026-09-03,rescheduled
CALL-00089,SHP-99000133,2026-09-04,bad_address
CALL-00185,SHP-99000111,2026-09-04,refused_delivery
CALL-00229,SHP-99000022,2026-09-04,no_answer
CALL-00236,SHP-99000175,2026-09-04,rescheduled
CALL-00264,SHP-99000098,2026-09-04,refused_delivery
CALL-00269,SHP-99000191,2026-09-04,rescheduled
CALL-00286,SHP-99000144,2026-09-04,rescheduled
CALL-00321,SHP-99000175,2026-09-04,bad_address
CALL-00325,SHP-99000065,2026-09-04,rescheduled
CALL-00380,SHP-99000143,2026-09-04,left_voicemail
CALL-00016,SHP-99000086,2026-09-05,no_answer
CALL-00021,SHP-99000015,2026-09-05,left_voicemail
CALL-00169,SHP-99000042,2026-09-05,no_answer
CALL-00241,SHP-99000189,2026-09-05,no_answer
CALL-00341,SHP-99000186,2026-09-05,rescheduled
CALL-00427,SHP-99000183,2026-09-05,rescheduled
CALL-00481,SHP-99000180,2026-09-05,no_answer
CALL-00038,SHP-99000185,2026-09-06,rescheduled
CALL-00064,SHP-99000001,2026-09-06,left_voicemail
CALL-00137,SHP-99000012,2026-09-06,left_voicemail
CALL-00154,SHP-99000059,2026-09-06,no_answer
CALL-00182,SHP-99000015,2026-09-06,no_answer
CALL-00280,SHP-99000188,2026-09-06,no_answer
CALL-00363,SHP-99000146,2026-09-06,rescheduled
CALL-00398,SHP-99000033,2026-09-06,refused_delivery
CALL-00425,SHP-99000146,2026-09-06,rescheduled
CALL-00130,SHP-99000183,2026-09-07,no_answer
CALL-00175,SHP-99000096,2026-09-07,no_answer
CALL-00319,SHP-99000103,2026-09-07,no_answer
CALL-00389,SHP-99000104,2026-09-07,left_voicemail
CALL-00490,SHP-99000044,2026-09-07,no_answer
CALL-00493,SHP-99000138,2026-09-07,left_voicemail
CALL-00053,SHP-99000131,2026-09-08,left_voicemail
CALL-00170,SHP-99000199,2026-09-08,rescheduled
CALL-00283,SHP-99000043,2026-09-08,refused_delivery
CALL-00366,SHP-99000191,2026-09-08,rescheduled
CALL-00388,SHP-99000016,2026-09-08,rescheduled
CALL-00043,SHP-99000104,2026-09-09,left_voicemail
CALL-00061,SHP-99000131,2026-09-09,no_answer
CALL-00163,SHP-99000183,2026-09-09,no_answer
CALL-00214,SHP-99000063,2026-09-09,no_answer
CALL-00032,SHP-99000063,2026-09-10,refused_delivery
CALL-00267,SHP-99000103,2026-09-10,no_answer
CALL-00278,SHP-99000175,2026-09-10,bad_address
CALL-00310,SHP-99000103,2026-09-10,left_voicemail
CALL-00318,SHP-99000185,2026-09-10,bad_address
CALL-00395,SHP-99000197,2026-09-10,left_voicemail
CALL-00027,SHP-99000022,2026-09-11,refused_delivery
CALL-00063,SHP-99000139,2026-09-11,no_answer
CALL-00103,SHP-99000183,2026-09-11,bad_address
CALL-00305,SHP-99000103,2026-09-11,left_voicemail
CALL-00313,SHP-99000089,2026-09-11,refused_delivery
CALL-00035,SHP-99000074,2026-09-12,rescheduled
CALL-00120,SHP-99000086,2026-09-12,left_voicemail
CALL-00121,SHP-99000025,2026-09-12,no_answer
CALL-00127,SHP-99000068,2026-09-12,no_answer
CALL-00327,SHP-99000146,2026-09-12,left_voicemail
CALL-00171,SHP-99000183,2026-09-13,rescheduled
CALL-00391,SHP-99000074,2026-09-13,refused_delivery
CALL-00420,SHP-99000084,2026-09-13,refused_delivery
CALL-00006,SHP-99000095,2026-09-14,rescheduled
CALL-00114,SHP-99000017,2026-09-14,left_voicemail
CALL-00138,SHP-99000104,2026-09-14,left_voicemail
CALL-00247,SHP-99000017,2026-09-14,left_voicemail
CALL-00339,SHP-99000156,2026-09-14,left_voicemail
CALL-00365,SHP-99000074,2026-09-14,left_voicemail
CALL-00368,SHP-99000072,2026-09-14,left_voicemail
CALL-00199,SHP-99000139,2026-09-15,no_answer
CALL-00337,SHP-99000046,2026-09-15,left_voicemail
CALL-00352,SHP-99000111,2026-09-15,no_answer
CALL-00472,SHP-99000084,2026-09-15,rescheduled
CALL-00040,SHP-99000068,2026-09-16,rescheduled
CALL-00151,SHP-99000143,2026-09-16,left_voicemail
CALL-00203,SHP-99000074,2026-09-16,left_voicemail
CALL-00353,SHP-99000074,2026-09-16,left_voicemail
CALL-00374,SHP-99000183,2026-09-16,no_answer
CALL-00022,SHP-99000183,2026-09-17,left_voicemail
CALL-00233,SHP-99000076,2026-09-17,left_voicemail
CALL-00354,SHP-99000027,2026-09-17,rescheduled
CALL-00355,SHP-99000143,2026-09-17,left_voicemail
CALL-00454,SHP-99000084,2026-09-17,no_answer
CALL-00030,SHP-99000076,2026-09-18,rescheduled
CALL-00058,SHP-99000139,2026-09-18,left_voicemail
CALL-00190,SHP-99000072,2026-09-18,no_answer
CALL-00208,SHP-99000046,2026-09-18,no_answer
CALL-00009,SHP-99000012,2026-09-19,left_voicemail
CALL-00188,SHP-99000048,2026-09-19,left_voicemail
CALL-00210,SHP-99000017,2026-09-19,no_answer
CALL-00271,SHP-99000151,2026-09-19,left_voicemail
CALL-00404,SHP-99000139,2026-09-19,left_voicemail
CALL-00458,SHP-99000064,2026-09-19,left_voicemail
CALL-00069,SHP-99000045,2026-09-20,left_voicemail
CALL-00142,SHP-99000045,2026-09-20,left_voicemail
CALL-00390,SHP-99000089,2026-09-20,no_answer
CALL-00393,SHP-99000186,2026-09-20,no_answer
CALL-00429,SHP-99000076,2026-09-20,left_voicemail
CALL-00108,SHP-99000075,2026-09-21,refused_delivery
CALL-00110,SHP-99000074,2026-09-21,no_answer
CALL-00115,SHP-99000084,2026-09-21,left_voicemail
CALL-00149,SHP-99000064,2026-09-21,rescheduled
CALL-00213,SHP-99000151,2026-09-21,no_answer
CALL-00373,SHP-99000151,2026-09-21,rescheduled
CALL-00487,SHP-99000084,2026-09-21,rescheduled
CALL-00194,SHP-99000078,2026-09-22,left_voicemail
CALL-00447,SHP-99000186,2026-09-22,no_answer
CALL-00474,SHP-99000127,2026-09-22,rescheduled
CALL-00174,SHP-99000111,2026-09-23,refused_delivery
CALL-00195,SHP-99000163,2026-09-23,rescheduled
CALL-00419,SHP-99000127,2026-09-23,rescheduled
CALL-00254,SHP-99000110,2026-09-24,no_answer
CALL-00073,SHP-99000089,2026-09-25,no_answer
CALL-00222,SHP-99000163,2026-09-25,bad_address
CALL-00309,SHP-99000151,2026-09-25,no_answer
CALL-00416,SHP-99000150,2026-09-25,rescheduled
CALL-00463,SHP-99000006,2026-09-25,bad_address
CALL-00080,SHP-99000036,2026-09-26,left_voicemail
CALL-00228,SHP-99000075,2026-09-26,no_answer
CALL-00306,SHP-99000036,2026-09-26,no_answer
CALL-00315,SHP-99000084,2026-09-26,rescheduled
CALL-00441,SHP-99000046,2026-09-26,rescheduled
CALL-00314,SHP-99000151,2026-09-27,bad_address
CALL-00351,SHP-99000053,2026-09-27,no_answer
CALL-00397,SHP-99000196,2026-09-27,left_voicemail
CALL-00263,SHP-99000158,2026-09-28,no_answer
CALL-00307,SHP-99000127,2026-09-28,no_answer
CALL-00343,SHP-99000178,2026-09-28,left_voicemail
CALL-00159,SHP-99000046,2026-09-29,rescheduled
CALL-00364,SHP-99000048,2026-09-29,left_voicemail
CALL-00432,SHP-99000072,2026-09-29,rescheduled
CALL-00051,SHP-99000079,2026-09-30,rescheduled
CALL-00166,SHP-99000048,2026-09-30,bad_address
CALL-00244,SHP-99000127,2026-09-30,refused_delivery
CALL-00317,SHP-99000036,2026-09-30,rescheduled
CALL-00007,SHP-99000078,2026-10-01,left_voicemail
CALL-00221,SHP-99000110,2026-10-01,rescheduled
CALL-00133,SHP-99000079,2026-10-02,left_voicemail
CALL-00237,SHP-99000048,2026-10-02,rescheduled
CALL-00275,SHP-99000127,2026-10-02,rescheduled
CALL-00322,SHP-99000075,2026-10-02,no_answer
CALL-00461,SHP-99000178,2026-10-02,left_voicemail
CALL-00250,SHP-99000046,2026-10-03,no_answer
CALL-00498,SHP-99000127,2026-10-03,no_answer
CALL-00079,SHP-99000038,2026-10-04,rescheduled
CALL-00442,SHP-99000196,2026-10-04,left_voicemail
CALL-00062,SHP-99000045,2026-10-05,left_voicemail
CALL-00070,SHP-99000127,2026-10-06,left_voicemail
CALL-00083,SHP-99000079,2026-10-06,left_voicemail
CALL-00300,SHP-99000110,2026-10-06,rescheduled
CALL-00234,SHP-99000110,2026-10-07,left_voicemail
CALL-00136,SHP-99000178,2026-10-08,rescheduled
CALL-00153,SHP-99000127,2026-10-08,left_voicemail
CALL-00323,SHP-99000078,2026-10-08,no_answer
