issue_id,shipment_id,issue_type,status,opened_date,resolved_date,reported_by
ISS-00001,SHP-99000001,damage_claim,open,2026-09-18,,dispatch
ISS-00002,SHP-99000001,weather_hold,open,2026-09-04,,driver
ISS-00003,SHP-99000003,address_correction,in_progress,2026-08-12,,driver
ISS-00004,SHP-99000003,damage_claim,open,2026-08-16,,dispatch
ISS-00005,SHP-99000003,missed_pickup,resolved,2026-08-24,2026-08-31,driver
ISS-00006,SHP-99000003,weather_hold,resolved,2026-08-17,2026-08-31,driver
ISS-00007,SHP-99000004,damage_claim,in_progress,2026-08-27,,customer
ISS-00008,SHP-99000004,weather_hold,resolved,2026-08-29,2026-09-07,dispatch
ISS-00009,SHP-99000005,address_correction,resolved,2026-08-09,2026-08-18,dispatch
ISS-00010,SHP-99000007,address_correction,in_progress,2026-07-13,,dispatch
ISS-00011,SHP-99000008,damage_claim,open,2026-08-14,,customer
ISS-00012,SHP-99000008,missed_pickup,open,2026-08-15,,dispatch
ISS-00013,SHP-99000008,weather_hold,open,2026-08-25,,customer
ISS-00014,SHP-99000009,appointment_needed,resolved,2026-07-19,2026-07-29,driver
ISS-00015,SHP-99000009,damage_claim,open,2026-08-10,,dispatch
ISS-00016,SHP-99000009,missed_pickup,in_progress,2026-08-07,,driver
ISS-00017,SHP-99000009,weather_hold,resolved,2026-07-23,2026-07-28,dispatch
ISS-00018,SHP-99000010,appointment_needed,resolved,2026-08-28,2026-09-04,dispatch
ISS-00019,SHP-99000010,damage_claim,resolved,2026-08-15,2026-09-04,driver
ISS-00020,SHP-99000011,missed_pickup,open,2026-07-24,,driver
ISS-00021,SHP-99000011,weather_hold,open,2026-08-10,,driver
ISS-00022,SHP-99000012,address_correction,in_progress,2026-09-22,,customer
ISS-00023,SHP-99000012,weather_hold,resolved,2026-10-02,2026-10-09,customer
ISS-00024,SHP-99000013,appointment_needed,open,2026-07-24,,dispatch
ISS-00025,SHP-99000013,damage_claim,open,2026-07-21,,customer
ISS-00026,SHP-99000014,damage_claim,open,2026-09-09,,customer
ISS-00027,SHP-99000014,missed_pickup,in_progress,2026-09-07,,customer
ISS-00028,SHP-99000014,weather_hold,open,2026-08-31,,dispatch
ISS-00029,SHP-99000015,appointment_needed,resolved,2026-09-10,2026-09-24,customer
ISS-00030,SHP-99000015,damage_claim,open,2026-09-13,,dispatch
ISS-00031,SHP-99000015,missed_pickup,resolved,2026-09-19,2026-10-01,customer
ISS-00032,SHP-99000016,appointment_needed,open,2026-09-01,,driver
ISS-00033,SHP-99000016,missed_pickup,resolved,2026-09-16,2026-09-30,dispatch
ISS-00034,SHP-99000016,weather_hold,resolved,2026-09-21,2026-10-04,customer
ISS-00035,SHP-99000017,appointment_needed,resolved,2026-09-20,2026-10-05,customer
ISS-00036,SHP-99000017,damage_claim,open,2026-09-29,,dispatch
ISS-00037,SHP-99000017,missed_pickup,resolved,2026-09-14,2026-09-28,customer
ISS-00038,SHP-99000017,weather_hold,in_progress,2026-10-01,,dispatch
ISS-00039,SHP-99000018,appointment_needed,in_progress,2026-07-25,,driver
ISS-00040,SHP-99000018,damage_claim,open,2026-07-03,,customer
ISS-00041,SHP-99000018,weather_hold,open,2026-07-20,,dispatch
ISS-00042,SHP-99000019,address_correction,resolved,2026-08-25,2026-09-13,driver
ISS-00043,SHP-99000019,appointment_needed,open,2026-08-23,,driver
ISS-00044,SHP-99000019,damage_claim,resolved,2026-08-10,2026-08-19,dispatch
ISS-00045,SHP-99000019,missed_pickup,resolved,2026-08-10,2026-08-14,driver
ISS-00046,SHP-99000020,appointment_needed,open,2026-08-04,,customer
ISS-00047,SHP-99000020,damage_claim,open,2026-07-20,,driver
ISS-00048,SHP-99000020,missed_pickup,open,2026-07-31,,dispatch
ISS-00049,SHP-99000020,weather_hold,in_progress,2026-07-17,,customer
ISS-00050,SHP-99000021,damage_claim,open,2026-08-06,,driver
ISS-00051,SHP-99000022,appointment_needed,open,2026-09-21,,driver
ISS-00052,SHP-99000023,address_correction,in_progress,2026-09-20,,customer
ISS-00053,SHP-99000023,damage_claim,resolved,2026-09-25,2026-10-03,dispatch
ISS-00054,SHP-99000023,missed_pickup,resolved,2026-09-22,2026-10-07,customer
ISS-00055,SHP-99000023,weather_hold,open,2026-09-08,,customer
ISS-00056,SHP-99000024,address_correction,in_progress,2026-07-05,,driver
ISS-00057,SHP-99000025,appointment_needed,resolved,2026-10-02,2026-10-14,customer
ISS-00058,SHP-99000025,missed_pickup,in_progress,2026-09-22,,dispatch
ISS-00059,SHP-99000026,address_correction,resolved,2026-08-30,2026-09-08,driver
ISS-00060,SHP-99000026,weather_hold,resolved,2026-08-23,2026-08-27,dispatch
ISS-00061,SHP-99000027,appointment_needed,open,2026-09-03,,customer
ISS-00062,SHP-99000027,damage_claim,open,2026-09-13,,customer
ISS-00063,SHP-99000028,address_correction,resolved,2026-08-10,2026-08-25,customer
ISS-00064,SHP-99000028,weather_hold,resolved,2026-08-13,2026-08-17,customer
ISS-00065,SHP-99000029,appointment_needed,resolved,2026-07-24,2026-08-08,customer
ISS-00066,SHP-99000030,missed_pickup,open,2026-07-24,,driver
ISS-00067,SHP-99000031,address_correction,open,2026-09-23,,dispatch
ISS-00068,SHP-99000031,weather_hold,in_progress,2026-09-09,,dispatch
ISS-00069,SHP-99000032,address_correction,resolved,2026-08-14,2026-08-19,driver
ISS-00070,SHP-99000032,damage_claim,in_progress,2026-08-13,,driver
ISS-00071,SHP-99000033,address_correction,open,2026-09-19,,driver
ISS-00072,SHP-99000033,appointment_needed,open,2026-09-06,,customer
ISS-00073,SHP-99000033,missed_pickup,open,2026-08-30,,dispatch
ISS-00074,SHP-99000034,weather_hold,resolved,2026-07-31,2026-08-03,driver
ISS-00075,SHP-99000035,missed_pickup,in_progress,2026-08-09,,driver
ISS-00076,SHP-99000035,weather_hold,in_progress,2026-08-28,,dispatch
ISS-00077,SHP-99000036,appointment_needed,in_progress,2026-09-28,,customer
ISS-00078,SHP-99000036,missed_pickup,in_progress,2026-09-27,,customer
ISS-00079,SHP-99000037,appointment_needed,open,2026-08-15,,dispatch
ISS-00080,SHP-99000037,damage_claim,open,2026-07-27,,customer
ISS-00081,SHP-99000037,missed_pickup,open,2026-08-09,,customer
ISS-00082,SHP-99000038,appointment_needed,open,2026-09-28,,dispatch
ISS-00083,SHP-99000038,missed_pickup,resolved,2026-10-01,2026-10-15,driver
ISS-00084,SHP-99000038,weather_hold,open,2026-09-27,,dispatch
ISS-00085,SHP-99000039,damage_claim,resolved,2026-07-24,2026-08-06,customer
ISS-00086,SHP-99000039,weather_hold,open,2026-08-05,,customer
ISS-00087,SHP-99000040,address_correction,resolved,2026-08-20,2026-09-06,driver
ISS-00088,SHP-99000040,missed_pickup,resolved,2026-08-12,2026-08-15,driver
ISS-00089,SHP-99000040,weather_hold,resolved,2026-08-12,2026-08-20,dispatch
ISS-00090,SHP-99000042,address_correction,resolved,2026-09-12,2026-09-23,customer
ISS-00091,SHP-99000042,damage_claim,resolved,2026-09-12,2026-09-16,dispatch
ISS-00092,SHP-99000043,damage_claim,open,2026-10-01,,dispatch
ISS-00093,SHP-99000044,missed_pickup,in_progress,2026-08-27,,customer
ISS-00094,SHP-99000044,weather_hold,open,2026-09-04,,customer
ISS-00095,SHP-99000045,address_correction,resolved,2026-09-21,2026-10-06,driver
ISS-00096,SHP-99000045,appointment_needed,open,2026-09-23,,dispatch
ISS-00097,SHP-99000045,damage_claim,resolved,2026-09-19,2026-10-02,customer
ISS-00098,SHP-99000045,missed_pickup,resolved,2026-10-09,2026-10-12,driver
ISS-00099,SHP-99000046,appointment_needed,open,2026-10-04,,customer
ISS-00100,SHP-99000046,missed_pickup,open,2026-10-10,,dispatch
ISS-00101,SHP-99000047,appointment_needed,resolved,2026-08-25,2026-09-06,dispatch
ISS-00102,SHP-99000048,appointment_needed,resolved,2026-09-27,2026-10-11,customer
ISS-00103,SHP-99000049,missed_pickup,resolved,2026-09-03,2026-09-23,dispatch
ISS-00104,SHP-99000049,weather_hold,open,2026-09-05,,driver
ISS-00105,SHP-99000051,address_correction,open,2026-09-06,,dispatch
ISS-00106,SHP-99000051,damage_claim,open,2026-08-14,,dispatch
ISS-00107,SHP-99000052,appointment_needed,open,2026-08-18,,dispatch
ISS-00108,SHP-99000052,damage_claim,open,2026-08-17,,customer
ISS-00109,SHP-99000053,appointment_needed,in_progress,2026-09-23,,driver
ISS-00110,SHP-99000054,missed_pickup,in_progress,2026-08-20,,driver
ISS-00111,SHP-99000054,weather_hold,open,2026-09-10,,dispatch
ISS-00112,SHP-99000056,address_correction,open,2026-08-05,,driver
ISS-00113,SHP-99000057,appointment_needed,open,2026-07-17,,driver
ISS-00114,SHP-99000057,damage_claim,open,2026-07-21,,driver
ISS-00115,SHP-99000060,appointment_needed,open,2026-08-10,,customer
ISS-00116,SHP-99000060,damage_claim,resolved,2026-08-14,2026-08-22,driver
ISS-00117,SHP-99000061,damage_claim,open,2026-08-24,,customer
ISS-00118,SHP-99000061,missed_pickup,in_progress,2026-08-17,,customer
ISS-00119,SHP-99000062,address_correction,open,2026-08-08,,dispatch
ISS-00120,SHP-99000063,address_correction,resolved,2026-09-29,2026-10-05,dispatch
ISS-00121,SHP-99000063,appointment_needed,resolved,2026-09-05,2026-09-21,dispatch
ISS-00122,SHP-99000063,missed_pickup,open,2026-10-01,,driver
ISS-00123,SHP-99000064,damage_claim,open,2026-09-17,,customer
ISS-00124,SHP-99000065,address_correction,resolved,2026-09-11,2026-09-21,dispatch
ISS-00125,SHP-99000065,damage_claim,open,2026-08-28,,driver
ISS-00126,SHP-99000066,appointment_needed,resolved,2026-08-27,2026-09-02,dispatch
ISS-00127,SHP-99000066,missed_pickup,open,2026-08-18,,dispatch
ISS-00128,SHP-99000066,weather_hold,open,2026-09-06,,customer
ISS-00129,SHP-99000067,appointment_needed,open,2026-07-29,,driver
ISS-00130,SHP-99000067,damage_claim,open,2026-07-29,,driver
ISS-00131,SHP-99000068,address_correction,open,2026-08-28,,customer
ISS-00132,SHP-99000068,appointment_needed,open,2026-08-29,,driver
ISS-00133,SHP-99000068,missed_pickup,resolved,2026-09-09,2026-09-20,dispatch
ISS-00134,SHP-99000068,weather_hold,open,2026-09-20,,customer
ISS-00135,SHP-99000069,address_correction,resolved,2026-08-30,2026-09-10,dispatch
ISS-00136,SHP-99000069,weather_hold,open,2026-09-04,,customer
ISS-00137,SHP-99000070,address_correction,resolved,2026-07-03,2026-07-05,driver
ISS-00138,SHP-99000070,damage_claim,resolved,2026-07-28,2026-08-09,customer
ISS-00139,SHP-99000070,weather_hold,open,2026-07-27,,driver
ISS-00140,SHP-99000071,address_correction,resolved,2026-08-14,2026-08-28,dispatch
ISS-00141,SHP-99000071,appointment_needed,open,2026-08-27,,driver
ISS-00142,SHP-99000072,appointment_needed,open,2026-09-27,,driver
ISS-00143,SHP-99000072,weather_hold,resolved,2026-09-28,2026-10-07,driver
ISS-00144,SHP-99000073,address_correction,resolved,2026-08-06,2026-08-19,dispatch
ISS-00145,SHP-99000074,damage_claim,open,2026-09-24,,dispatch
ISS-00146,SHP-99000075,weather_hold,in_progress,2026-10-15,,customer
ISS-00147,SHP-99000076,missed_pickup,resolved,2026-09-20,2026-10-02,driver
ISS-00148,SHP-99000076,weather_hold,open,2026-09-23,,dispatch
ISS-00149,SHP-99000077,address_correction,open,2026-09-08,,customer
ISS-00150,SHP-99000077,appointment_needed,resolved,2026-09-03,2026-09-18,customer
ISS-00151,SHP-99000077,damage_claim,open,2026-09-05,,customer
ISS-00152,SHP-99000077,missed_pickup,resolved,2026-08-24,2026-08-29,dispatch
ISS-00153,SHP-99000078,address_correction,open,2026-10-14,,driver
ISS-00154,SHP-99000078,appointment_needed,in_progress,2026-10-12,,dispatch
ISS-00155,SHP-99000078,missed_pickup,in_progress,2026-09-28,,dispatch
ISS-00156,SHP-99000078,weather_hold,resolved,2026-09-22,2026-10-11,customer
ISS-00157,SHP-99000080,missed_pickup,resolved,2026-07-17,2026-07-27,customer
ISS-00158,SHP-99000081,missed_pickup,open,2026-08-01,,driver
ISS-00159,SHP-99000081,weather_hold,in_progress,2026-07-22,,customer
ISS-00160,SHP-99000082,appointment_needed,in_progress,2026-08-30,,customer
ISS-00161,SHP-99000083,appointment_needed,resolved,2026-08-15,2026-09-01,dispatch
ISS-00162,SHP-99000084,appointment_needed,resolved,2026-10-04,2026-10-08,driver
ISS-00163,SHP-99000084,weather_hold,resolved,2026-09-07,2026-09-25,dispatch
ISS-00164,SHP-99000085,weather_hold,open,2026-08-04,,driver
ISS-00165,SHP-99000086,address_correction,in_progress,2026-09-26,,customer
ISS-00166,SHP-99000086,appointment_needed,open,2026-09-23,,customer
ISS-00167,SHP-99000087,address_correction,in_progress,2026-09-09,,customer
ISS-00168,SHP-99000088,address_correction,open,2026-07-10,,dispatch
ISS-00169,SHP-99000088,appointment_needed,in_progress,2026-07-08,,customer
ISS-00170,SHP-99000088,missed_pickup,in_progress,2026-07-20,,dispatch
ISS-00171,SHP-99000088,weather_hold,resolved,2026-07-29,2026-08-18,customer
ISS-00172,SHP-99000089,address_correction,open,2026-09-24,,dispatch
ISS-00173,SHP-99000089,missed_pickup,in_progress,2026-09-20,,customer
ISS-00174,SHP-99000090,appointment_needed,in_progress,2026-08-08,,customer
ISS-00175,SHP-99000090,missed_pickup,resolved,2026-08-03,2026-08-10,driver
ISS-00176,SHP-99000091,appointment_needed,open,2026-07-29,,customer
ISS-00177,SHP-99000091,weather_hold,open,2026-08-22,,customer
ISS-00178,SHP-99000092,damage_claim,open,2026-08-29,,driver
ISS-00179,SHP-99000092,missed_pickup,open,2026-08-07,,driver
ISS-00180,SHP-99000094,address_correction,open,2026-07-23,,customer
ISS-00181,SHP-99000094,damage_claim,open,2026-08-07,,customer
ISS-00182,SHP-99000095,address_correction,open,2026-09-01,,driver
ISS-00183,SHP-99000095,appointment_needed,resolved,2026-09-08,2026-09-24,driver
ISS-00184,SHP-99000096,weather_hold,resolved,2026-09-06,2026-09-09,driver
ISS-00185,SHP-99000097,appointment_needed,open,2026-07-19,,customer
ISS-00186,SHP-99000097,damage_claim,open,2026-08-15,,dispatch
ISS-00187,SHP-99000097,missed_pickup,in_progress,2026-08-10,,driver
ISS-00188,SHP-99000098,damage_claim,resolved,2026-09-04,2026-09-14,customer
ISS-00189,SHP-99000098,missed_pickup,open,2026-09-01,,driver
ISS-00190,SHP-99000098,weather_hold,open,2026-09-04,,customer
ISS-00191,SHP-99000099,damage_claim,resolved,2026-07-16,2026-07-21,customer
ISS-00192,SHP-99000099,weather_hold,open,2026-07-19,,dispatch
ISS-00193,SHP-99000100,address_correction,in_progress,2026-07-19,,driver
ISS-00194,SHP-99000100,damage_claim,in_progress,2026-07-24,,driver
ISS-00195,SHP-99000101,appointment_needed,open,2026-09-05,,customer
ISS-00196,SHP-99000101,weather_hold,resolved,2026-09-03,2026-09-14,driver
ISS-00197,SHP-99000102,weather_hold,open,2026-08-15,,driver
ISS-00198,SHP-99000104,address_correction,open,2026-09-14,,customer
ISS-00199,SHP-99000104,appointment_needed,open,2026-09-13,,customer
ISS-00200,SHP-99000104,damage_claim,resolved,2026-08-29,2026-09-04,customer
ISS-00201,SHP-99000104,weather_hold,resolved,2026-09-02,2026-09-21,dispatch
ISS-00202,SHP-99000105,address_correction,open,2026-08-08,,dispatch
ISS-00203,SHP-99000105,weather_hold,in_progress,2026-08-31,,dispatch
ISS-00204,SHP-99000106,damage_claim,resolved,2026-08-02,2026-08-22,customer
ISS-00205,SHP-99000106,missed_pickup,resolved,2026-08-06,2026-08-14,customer
ISS-00206,SHP-99000107,address_correction,resolved,2026-08-28,2026-09-16,customer
ISS-00207,SHP-99000107,appointment_needed,in_progress,2026-09-12,,driver
ISS-00208,SHP-99000107,damage_claim,resolved,2026-09-17,2026-10-01,dispatch
ISS-00209,SHP-99000107,missed_pickup,in_progress,2026-09-25,,customer
ISS-00210,SHP-99000108,missed_pickup,resolved,2026-07-14,2026-07-27,driver
ISS-00211,SHP-99000111,appointment_needed,resolved,2026-09-29,2026-10-06,customer
ISS-00212,SHP-99000111,damage_claim,open,2026-10-03,,customer
ISS-00213,SHP-99000111,missed_pickup,resolved,2026-09-26,2026-10-05,driver
ISS-00214,SHP-99000112,address_correction,in_progress,2026-07-22,,dispatch
ISS-00215,SHP-99000112,appointment_needed,open,2026-07-12,,driver
ISS-00216,SHP-99000112,missed_pickup,resolved,2026-07-21,2026-07-26,customer
ISS-00217,SHP-99000112,weather_hold,open,2026-08-05,,driver
ISS-00218,SHP-99000113,damage_claim,in_progress,2026-07-29,,dispatch
ISS-00219,SHP-99000113,missed_pickup,resolved,2026-07-17,2026-07-28,driver
ISS-00220,SHP-99000114,address_correction,in_progress,2026-07-13,,driver
ISS-00221,SHP-99000114,appointment_needed,resolved,2026-08-11,2026-08-29,driver
ISS-00222,SHP-99000114,damage_claim,in_progress,2026-07-17,,dispatch
ISS-00223,SHP-99000114,missed_pickup,resolved,2026-08-03,2026-08-09,driver
ISS-00224,SHP-99000116,appointment_needed,in_progress,2026-07-31,,dispatch
ISS-00225,SHP-99000116,weather_hold,open,2026-07-16,,dispatch
ISS-00226,SHP-99000117,address_correction,open,2026-07-27,,customer
ISS-00227,SHP-99000117,appointment_needed,open,2026-07-21,,dispatch
ISS-00228,SHP-99000117,missed_pickup,open,2026-08-18,,dispatch
ISS-00229,SHP-99000117,weather_hold,resolved,2026-08-12,2026-08-22,dispatch
ISS-00230,SHP-99000118,address_correction,open,2026-09-05,,driver
ISS-00231,SHP-99000118,appointment_needed,open,2026-08-18,,dispatch
ISS-00232,SHP-99000118,damage_claim,open,2026-08-28,,driver
ISS-00233,SHP-99000118,missed_pickup,open,2026-09-04,,driver
ISS-00234,SHP-99000119,address_correction,open,2026-08-25,,customer
ISS-00235,SHP-99000119,damage_claim,resolved,2026-08-25,2026-09-12,driver
ISS-00236,SHP-99000119,missed_pickup,in_progress,2026-07-30,,driver
ISS-00237,SHP-99000120,appointment_needed,open,2026-09-06,,customer
ISS-00238,SHP-99000120,weather_hold,in_progress,2026-08-25,,customer
ISS-00239,SHP-99000121,missed_pickup,open,2026-08-25,,customer
ISS-00240,SHP-99000123,appointment_needed,resolved,2026-08-06,2026-08-14,customer
ISS-00241,SHP-99000123,weather_hold,resolved,2026-08-05,2026-08-19,driver
ISS-00242,SHP-99000124,appointment_needed,resolved,2026-09-22,2026-09-29,customer
ISS-00243,SHP-99000124,damage_claim,in_progress,2026-08-30,,dispatch
ISS-00244,SHP-99000124,missed_pickup,open,2026-09-01,,customer
ISS-00245,SHP-99000124,weather_hold,resolved,2026-09-19,2026-10-01,dispatch
ISS-00246,SHP-99000125,appointment_needed,open,2026-08-22,,customer
ISS-00247,SHP-99000125,damage_claim,resolved,2026-08-12,2026-09-01,driver
ISS-00248,SHP-99000125,missed_pickup,in_progress,2026-08-23,,customer
ISS-00249,SHP-99000127,address_correction,open,2026-10-06,,customer
ISS-00250,SHP-99000127,appointment_needed,open,2026-10-17,,driver
ISS-00251,SHP-99000127,damage_claim,in_progress,2026-10-02,,dispatch
ISS-00252,SHP-99000129,damage_claim,resolved,2026-08-18,2026-08-21,customer
ISS-00253,SHP-99000131,missed_pickup,open,2026-08-29,,driver
ISS-00254,SHP-99000132,damage_claim,resolved,2026-08-15,2026-09-04,dispatch
ISS-00255,SHP-99000133,appointment_needed,in_progress,2026-08-19,,customer
ISS-00256,SHP-99000134,address_correction,in_progress,2026-07-31,,dispatch
ISS-00257,SHP-99000134,missed_pickup,in_progress,2026-07-21,,dispatch
ISS-00258,SHP-99000134,weather_hold,open,2026-07-25,,driver
ISS-00259,SHP-99000135,address_correction,resolved,2026-08-02,2026-08-10,customer
ISS-00260,SHP-99000135,appointment_needed,open,2026-07-29,,driver
ISS-00261,SHP-99000135,damage_claim,resolved,2026-08-25,2026-09-01,customer
ISS-00262,SHP-99000135,weather_hold,open,2026-08-26,,driver
ISS-00263,SHP-99000136,missed_pickup,open,2026-07-14,,customer
ISS-00264,SHP-99000136,weather_hold,resolved,2026-07-24,2026-08-04,dispatch
ISS-00265,SHP-99000137,address_correction,in_progress,2026-08-13,,dispatch
ISS-00266,SHP-99000137,appointment_needed,open,2026-08-09,,dispatch
ISS-00267,SHP-99000137,weather_hold,open,2026-08-23,,customer
ISS-00268,SHP-99000138,appointment_needed,in_progress,2026-09-08,,dispatch
ISS-00269,SHP-99000138,damage_claim,open,2026-08-29,,dispatch
ISS-00270,SHP-99000138,missed_pickup,open,2026-09-17,,dispatch
ISS-00271,SHP-99000138,weather_hold,open,2026-09-03,,dispatch
ISS-00272,SHP-99000139,appointment_needed,resolved,2026-09-20,2026-09-24,driver
ISS-00273,SHP-99000139,damage_claim,open,2026-09-02,,driver
ISS-00274,SHP-99000140,address_correction,resolved,2026-07-31,2026-08-02,driver
ISS-00275,SHP-99000141,missed_pickup,open,2026-08-17,,driver
ISS-00276,SHP-99000141,weather_hold,resolved,2026-08-05,2026-08-11,customer
ISS-00277,SHP-99000142,address_correction,open,2026-07-23,,dispatch
ISS-00278,SHP-99000142,missed_pickup,resolved,2026-07-26,2026-07-29,customer
ISS-00279,SHP-99000143,appointment_needed,resolved,2026-08-29,2026-08-31,customer
ISS-00280,SHP-99000143,damage_claim,open,2026-09-25,,customer
ISS-00281,SHP-99000143,missed_pickup,resolved,2026-09-18,2026-09-22,dispatch
ISS-00282,SHP-99000144,address_correction,in_progress,2026-09-08,,driver
ISS-00283,SHP-99000144,weather_hold,open,2026-08-31,,driver
ISS-00284,SHP-99000145,appointment_needed,in_progress,2026-07-31,,customer
ISS-00285,SHP-99000145,missed_pickup,open,2026-08-18,,driver
ISS-00286,SHP-99000146,address_correction,in_progress,2026-08-28,,customer
ISS-00287,SHP-99000146,missed_pickup,resolved,2026-09-09,2026-09-28,dispatch
ISS-00288,SHP-99000146,weather_hold,open,2026-08-29,,driver
ISS-00289,SHP-99000147,missed_pickup,open,2026-09-03,,driver
ISS-00290,SHP-99000147,weather_hold,resolved,2026-08-13,2026-09-01,driver
ISS-00291,SHP-99000148,damage_claim,in_progress,2026-08-15,,customer
ISS-00292,SHP-99000148,weather_hold,open,2026-08-23,,dispatch
ISS-00293,SHP-99000149,missed_pickup,open,2026-09-05,,customer
ISS-00294,SHP-99000150,address_correction,in_progress,2026-09-28,,driver
ISS-00295,SHP-99000150,damage_claim,open,2026-09-23,,customer
ISS-00296,SHP-99000150,missed_pickup,open,2026-10-14,,customer
ISS-00297,SHP-99000150,weather_hold,resolved,2026-10-10,2026-10-27,dispatch
ISS-00298,SHP-99000151,address_correction,resolved,2026-09-25,2026-10-04,dispatch
ISS-00299,SHP-99000151,appointment_needed,open,2026-09-29,,driver
ISS-00300,SHP-99000151,missed_pickup,in_progress,2026-10-18,,dispatch
ISS-00301,SHP-99000152,appointment_needed,in_progress,2026-09-06,,customer
ISS-00302,SHP-99000152,damage_claim,in_progress,2026-08-27,,driver
ISS-00303,SHP-99000152,missed_pickup,open,2026-09-01,,dispatch
ISS-00304,SHP-99000152,weather_hold,resolved,2026-09-08,2026-09-26,customer
ISS-00305,SHP-99000153,address_correction,resolved,2026-09-08,2026-09-21,dispatch
ISS-00306,SHP-99000153,missed_pickup,open,2026-08-24,,driver
ISS-00307,SHP-99000154,address_correction,resolved,2026-08-18,2026-08-29,dispatch
ISS-00308,SHP-99000155,address_correction,resolved,2026-10-05,2026-10-14,dispatch
ISS-00309,SHP-99000156,address_correction,open,2026-09-16,,customer
ISS-00310,SHP-99000156,damage_claim,resolved,2026-09-26,2026-09-29,customer
ISS-00311,SHP-99000156,weather_hold,open,2026-09-26,,driver
ISS-00312,SHP-99000157,appointment_needed,open,2026-08-12,,driver
ISS-00313,SHP-99000157,damage_claim,open,2026-08-12,,dispatch
ISS-00314,SHP-99000157,missed_pickup,in_progress,2026-08-26,,dispatch
ISS-00315,SHP-99000158,appointment_needed,open,2026-10-08,,driver
ISS-00316,SHP-99000159,appointment_needed,in_progress,2026-08-22,,dispatch
ISS-00317,SHP-99000160,address_correction,open,2026-08-27,,driver
ISS-00318,SHP-99000160,appointment_needed,open,2026-08-29,,customer
ISS-00319,SHP-99000160,missed_pickup,resolved,2026-08-21,2026-08-30,customer
ISS-00320,SHP-99000160,weather_hold,open,2026-08-10,,customer
ISS-00321,SHP-99000161,address_correction,open,2026-08-04,,driver
ISS-00322,SHP-99000162,appointment_needed,resolved,2026-08-03,2026-08-16,dispatch
ISS-00323,SHP-99000162,damage_claim,open,2026-08-12,,driver
ISS-00324,SHP-99000162,missed_pickup,in_progress,2026-08-15,,customer
ISS-00325,SHP-99000162,weather_hold,open,2026-08-19,,dispatch
ISS-00326,SHP-99000163,appointment_needed,open,2026-09-16,,driver
ISS-00327,SHP-99000163,missed_pickup,open,2026-09-18,,driver
ISS-00328,SHP-99000164,damage_claim,open,2026-08-02,,driver
ISS-00329,SHP-99000165,address_correction,open,2026-08-22,,driver
ISS-00330,SHP-99000165,appointment_needed,resolved,2026-08-13,2026-08-31,dispatch
ISS-00331,SHP-99000165,damage_claim,open,2026-08-12,,driver
ISS-00332,SHP-99000165,weather_hold,open,2026-08-10,,dispatch
ISS-00333,SHP-99000166,address_correction,open,2026-07-29,,dispatch
ISS-00334,SHP-99000166,damage_claim,in_progress,2026-08-07,,customer
ISS-00335,SHP-99000166,missed_pickup,open,2026-08-17,,dispatch
ISS-00336,SHP-99000166,weather_hold,in_progress,2026-07-29,,customer
ISS-00337,SHP-99000167,address_correction,open,2026-08-13,,dispatch
ISS-00338,SHP-99000168,address_correction,resolved,2026-07-19,2026-07-30,dispatch
ISS-00339,SHP-99000168,weather_hold,open,2026-07-18,,dispatch
ISS-00340,SHP-99000169,address_correction,in_progress,2026-09-01,,driver
ISS-00341,SHP-99000169,missed_pickup,resolved,2026-08-07,2026-08-20,dispatch
ISS-00342,SHP-99000170,address_correction,resolved,2026-07-29,2026-08-08,driver
ISS-00343,SHP-99000170,missed_pickup,resolved,2026-07-23,2026-08-05,customer
ISS-00344,SHP-99000170,weather_hold,open,2026-08-07,,dispatch
ISS-00345,SHP-99000171,appointment_needed,resolved,2026-08-17,2026-08-20,driver
ISS-00346,SHP-99000171,damage_claim,in_progress,2026-08-23,,driver
ISS-00347,SHP-99000172,damage_claim,resolved,2026-07-28,2026-08-05,driver
ISS-00348,SHP-99000173,missed_pickup,open,2026-08-27,,dispatch
ISS-00349,SHP-99000173,weather_hold,in_progress,2026-08-07,,dispatch
ISS-00350,SHP-99000174,missed_pickup,open,2026-08-09,,dispatch
ISS-00351,SHP-99000175,address_correction,in_progress,2026-09-07,,dispatch
ISS-00352,SHP-99000175,appointment_needed,resolved,2026-09-16,2026-09-30,driver
ISS-00353,SHP-99000175,damage_claim,in_progress,2026-09-25,,customer
ISS-00354,SHP-99000176,address_correction,resolved,2026-08-28,2026-09-06,driver
ISS-00355,SHP-99000176,damage_claim,in_progress,2026-08-16,,dispatch
ISS-00356,SHP-99000177,address_correction,open,2026-09-13,,customer
ISS-00357,SHP-99000177,damage_claim,resolved,2026-08-28,2026-08-30,dispatch
ISS-00358,SHP-99000177,weather_hold,resolved,2026-09-18,2026-09-25,customer
ISS-00359,SHP-99000178,address_correction,open,2026-10-11,,dispatch
ISS-00360,SHP-99000178,damage_claim,resolved,2026-09-27,2026-10-07,driver
ISS-00361,SHP-99000178,weather_hold,in_progress,2026-10-10,,customer
ISS-00362,SHP-99000179,address_correction,open,2026-08-22,,customer
ISS-00363,SHP-99000179,weather_hold,in_progress,2026-08-05,,dispatch
ISS-00364,SHP-99000180,address_correction,open,2026-08-22,,customer
ISS-00365,SHP-99000181,address_correction,open,2026-07-27,,dispatch
ISS-00366,SHP-99000181,weather_hold,resolved,2026-07-25,2026-07-31,customer
ISS-00367,SHP-99000182,appointment_needed,resolved,2026-08-28,2026-09-07,customer
ISS-00368,SHP-99000182,missed_pickup,in_progress,2026-08-02,,driver
ISS-00369,SHP-99000183,appointment_needed,open,2026-09-08,,customer
ISS-00370,SHP-99000183,weather_hold,resolved,2026-09-22,2026-10-01,driver
ISS-00371,SHP-99000184,address_correction,resolved,2026-08-02,2026-08-15,dispatch
ISS-00372,SHP-99000184,missed_pickup,in_progress,2026-07-26,,customer
ISS-00373,SHP-99000184,weather_hold,open,2026-08-19,,customer
ISS-00374,SHP-99000185,address_correction,open,2026-09-20,,customer
ISS-00375,SHP-99000185,damage_claim,in_progress,2026-08-27,,customer
ISS-00376,SHP-99000185,missed_pickup,open,2026-08-27,,driver
ISS-00377,SHP-99000185,weather_hold,in_progress,2026-09-09,,dispatch
ISS-00378,SHP-99000186,address_correction,open,2026-09-17,,customer
ISS-00379,SHP-99000186,weather_hold,open,2026-09-06,,driver
ISS-00380,SHP-99000187,address_correction,in_progress,2026-08-15,,driver
ISS-00381,SHP-99000187,damage_claim,open,2026-08-08,,dispatch
ISS-00382,SHP-99000187,missed_pickup,open,2026-08-25,,customer
ISS-00383,SHP-99000187,weather_hold,resolved,2026-08-12,2026-08-21,driver
ISS-00384,SHP-99000188,damage_claim,open,2026-09-21,,driver
ISS-00385,SHP-99000189,address_correction,open,2026-09-21,,customer
ISS-00386,SHP-99000189,damage_claim,open,2026-09-24,,customer
ISS-00387,SHP-99000189,missed_pickup,resolved,2026-08-27,2026-09-11,driver
ISS-00388,SHP-99000190,address_correction,in_progress,2026-08-26,,dispatch
ISS-00389,SHP-99000190,missed_pickup,in_progress,2026-08-13,,driver
ISS-00390,SHP-99000190,weather_hold,in_progress,2026-08-08,,customer
ISS-00391,SHP-99000191,address_correction,open,2026-09-18,,driver
ISS-00392,SHP-99000191,missed_pickup,in_progress,2026-09-10,,driver
ISS-00393,SHP-99000191,weather_hold,in_progress,2026-09-16,,dispatch
ISS-00394,SHP-99000193,address_correction,resolved,2026-09-04,2026-09-21,driver
ISS-00395,SHP-99000194,address_correction,in_progress,2026-08-31,,driver
ISS-00396,SHP-99000194,appointment_needed,open,2026-08-15,,driver
ISS-00397,SHP-99000195,missed_pickup,open,2026-08-07,,dispatch
ISS-00398,SHP-99000196,address_correction,resolved,2026-09-23,2026-10-03,dispatch
ISS-00399,SHP-99000196,appointment_needed,open,2026-09-26,,customer
ISS-00400,SHP-99000196,damage_claim,open,2026-10-01,,dispatch
ISS-00401,SHP-99000197,damage_claim,resolved,2026-09-21,2026-10-08,dispatch
ISS-00402,SHP-99000198,damage_claim,in_progress,2026-08-23,,driver
ISS-00403,SHP-99000199,appointment_needed,resolved,2026-09-20,2026-09-24,dispatch
ISS-00404,SHP-99000199,missed_pickup,open,2026-09-19,,customer
