larkspur_ref,consignee_name,dest_state,zip,service_level,weight_lbs,pieces,requested_pickup
LKS-000201,Pearl Quebec,MT,59810,Standard,1505,4,2026-11-11
LKS-000202,Sylvia Mike,MT,59831,Standard,233,10,2026-11-29
LKS-000203,Leon November,WA,98453,Expedited,750,8,2026-10-29
LKS-000204,Cora Mike,MT,59846,Expedited,1617,1,2026-12-02
LKS-000205,Cora Lima,WA,98162,Standard,111,11,2026-11-15
LKS-000206,Arthur Sierra,MT,59180,Guaranteed,1448,2,2026-11-06
LKS-000207,Maria Hotel,MT,59151,Expedited,993,2,2026-11-22
LKS-000208,Alma Echo,NV,89592,Standard,453,2,2026-10-27
LKS-000209,Arthur Lima,CA,95881,Guaranteed,512,9,2026-11-12
LKS-000210,Victor Whiskey,CA,95863,Standard,545,5,2026-11-16
LKS-000211,Norman Zulu,NV,89174,Expedited,1178,10,2026-11-15
LKS-000212,Vera Uniform,MT,59857,Standard,100,12,2026-11-02
LKS-000213,Howard Tango,NV,89573,Standard,146,3,2026-11-27
LKS-000214,Rufus Juliett,WA,98430,Standard,1208,1,2026-11-04
LKS-000215,Victor Yankee,NV,89567,Standard,1495,4,2026-10-15
LKS-000216,Mabel Tango,OR,97215,Standard,872,8,2026-10-21
LKS-000217,Otis Hotel,ID,83491,Standard,1375,9,2026-11-01
LKS-000218,Dorothy Lima,ID,83498,Expedited,680,12,2026-10-18
LKS-000219,Dorothy Mike,CA,95872,Guaranteed,1460,12,2026-10-15
LKS-000220,Cora Whiskey,MT,59816,Standard,876,2,2026-10-24
LKS-000221,Alfredo Bravo,ID,83717,Standard,748,6,2026-11-13
LKS-000222,Robert Charlie,OR,97277,Guaranteed,1557,8,2026-11-25
LKS-000223,Hazel Foxtrot,ID,83446,Expedited,1773,2,2026-11-05
LKS-000224,Carmen Uniform,MT,59188,Guaranteed,1253,6,2026-10-22
LKS-000225,Howard Mike,WA,99223,Standard,0,1,2026-10-14
LKS-000226,Otis Kilo,NV,89595,Standard,271,4,2026-11-14
LKS-000227,Sylvia Victor,CA,95876,Standard,1449,11,2026-10-30
LKS-000228,Carmen Yankee,NV,89588,Standard,309,1,2026-10-31
LKS-000229,Maria Uniform,WA,98462,Standard,231,11,2026-11-29
LKS-000230,Alfredo Xray,WA,99250,Standard,73,8,2026-10-19
LKS-000231,Marvin Oscar,WA,98152,Standard,586,12,2026-10-11
LKS-000232,Hazel Bravo,NV,89548,Standard,1759,12,2026-10-15
LKS-000233,Raymond India,ID,83763,Standard,1235,3,2026-10-07
LKS-000234,Gloria Golf,CA,95872,Standard,1716,5,2026-11-09
LKS-000235,Frank Bravo,MT,59153,Standard,368,4,2026-11-24
LKS-000236,Harold Alpha,OR,97770,Expedited,157,9,2026-11-19
LKS-000237,Vera Quebec,WA,98120,Expedited,1097,2,2026-11-16
LKS-000238,Bessie Charlie,OR,97278,Expedited,707,11,2026-11-11
LKS-000239,Marvin Sierra,MT,59831,Expedited,315,10,2026-10-31
LKS-000240,Eugene Zulu,CA,96036,Standard,70,1,2026-10-20
LKS-000241,Norman Xray,MT,59150,Standard,1573,5,2026-11-21
LKS-000242,Estelle Quebec,OR,97773,Standard,1177,7,2026-10-19
LKS-000243,Harold Victor,CA,95811,Guaranteed,295,12,2026-11-05
LKS-000244,Howard Uniform,WA,99266,Standard,364,10,2026-11-27
LKS-000245,Walter Oscar,WA,98182,Standard,1158,10,2026-10-17
LKS-000246,Frank Lima,OR,97473,Expedited,1117,5,2026-11-02
LKS-000247,Carmen India,OR,97762,Expedited,1066,5,2026-10-13
LKS-000248,Harold Alpha,ID,83756,Standard,826,12,2026-11-12
LKS-000249,Alma Romeo,WA,99299,Standard,514,4,2026-10-17
LKS-000250,Howard Hotel,NV,89139,Standard,1224,4,2026-10-21
LKS-000251,Otis Kilo,CA,96019,Standard,675,7,2026-11-10
LKS-000252,Alfredo Whiskey,CA,95898,Standard,1402,12,2026-11-27
LKS-000253,Alfredo Romeo,CA,96014,Expedited,417,8,2026-10-15
LKS-000254,Walter Romeo,WA,98466,Standard,721,3,2026-10-30
LKS-000255,Stanley Zulu,CA,96016,Standard,545,11,2026-11-20
LKS-000256,Estelle Sierra,OR,97747,Standard,803,2,2026-11-29
LKS-000257,Leon Oscar,OR,97764,Expedited,1454,5,2026-10-16
LKS-000258,Walter Mike,OR,97270,Guaranteed,1226,4,2026-11-26
LKS-000259,Clarence Mike,WA,98435,Standard,294,7,2026-10-10
LKS-000210,Victor Whiskey,MT,59196,Standard,548,10,2026-10-11
LKS-000261,Dorothy Alpha,WA,98464,Expedited,958,2,2026-11-08
LKS-000262,Willie Mike,WA,98465,Expedited,1347,4,2026-11-17
LKS-000263,Vera Kilo,CA,96072,Standard,1169,10,2026-10-06
LKS-000264,Alma Romeo,NV,89535,Expedited,1408,3,2026-12-02
LKS-000265,Otis Romeo,NV,89544,Standard,1785,8,2026-10-11
LKS-000266,Howard Yankee,CA,95848,Guaranteed,1747,6,2026-11-01
LKS-000267,Mabel Oscar,WA,98439,Standard,1460,8,2026-11-09
LKS-000268,Carmen Golf,WA,98450,Standard,1020,3,2026-10-10
LKS-000269,Leon Victor,CA,95858,Standard,1327,6,2026-10-24
LKS-000270,Dorothy Yankee,CA,95841,Standard,154,7,2026-11-10
LKS-000271,Walter Whiskey,ID,83429,Standard,779,2,2026-10-13
LKS-000272,Pearl India,WA,98188,Standard,228,6,2026-11-15
LKS-000273,Leon Foxtrot,WA,98427,Standard,410,1,2026-11-28
LKS-000274,Howard Tango,NV,89542,Expedited,1744,12,2026-10-15
LKS-000275,Estelle Mike,CA,96019,Expedited,749,7,2026-11-18
LKS-000276,Ernest Mike,OR,97242,Standard,627,10,2026-10-20
LKS-000277,James Mike,CA,96021,Standard,703,2,2026-10-31
LKS-000278,Carmen Oscar,NV,89574,Standard,1712,8,2026-12-04
LKS-000279,Otis India,CA,96092,Expedited,280,6,2026-11-22
LKS-000280,Cora Kilo,CA,95845,Expedited,69,8,2026-11-28
LKS-000281,Alfredo Victor,CA,95816,Standard,586,9,2026-11-29
LKS-000282,Rosa Whiskey,WA,98152,Expedited,1063,6,2026-10-16
LKS-000283,Ida Kilo,ID,83772,Expedited,1522,4,2026-10-18
LKS-000284,Cora Charlie,OR,97729,Standard,789,7,2026-12-04
LKS-000285,Alfredo Echo,MT,59164,Expedited,1149,2,2026-12-03
LKS-000286,Alfredo Victor,OR,97731,Standard,274,10,2026-11-18
LKS-000287,Otis Bravo,OR,97437,Standard,729,10,2026-11-26
LKS-000288,Vera Golf,OR,97475,Standard,1437,8,2026-10-17
LKS-000289,Marvin Whiskey,OR,97439,Standard,1739,9,2026-10-08
LKS-000290,Robert Uniform,ID,83494,Standard,719,2,2026-11-24
LKS-000291,Lucille Mike,CA,95847,Expedited,378,9,2026-11-30
LKS-000292,Alma Oscar,NV,89143,Expedited,638,4,2026-11-17
LKS-000293,Frank Juliett,ID,83716,Standard,739,8,2026-11-03
LKS-000294,Chester Xray,OR,97787,Standard,1597,10,2026-10-20
LKS-000295,Hazel Sierra,OR,97478,Standard,1521,9,2026-11-15
LKS-000296,Robert Quebec,OR,97298,Standard,1620,5,2026-11-01
LKS-000297,Clarence November,CA,96097,Standard,845,10,2026-11-13
LKS-000298,Norman Uniform,WA,98468,Standard,803,10,2026-10-25
LKS-000299,Chester Uniform,NV,89198,Guaranteed,636,3,2026-11-29
LKS-000300,Leon Alpha,Oregn,95897,Expedited,1704,10,2026-10-15
LKS-000301,Raymond Kilo,MT,59857,Expedited,266,7,2026-11-25
LKS-000302,Walter Echo,CA,95890,Guaranteed,630,1,2026-11-14
LKS-000303,Carmen Victor,OR,97744,Standard,524,10,2026-10-25
LKS-000304,Willie Mike,CA,95876,Standard,1632,8,2026-11-25
LKS-000305,Otis Zulu,MT,59199,Standard,1716,5,2026-10-10
LKS-000306,Clarence Juliett,OR,97738,Guaranteed,227,7,2026-11-25
LKS-000307,Victor Quebec,OR,97472,Standard,112,10,2026-10-07
LKS-000308,Lucille Yankee,MT,59866,Standard,361,5,2026-11-07
LKS-000309,Lucille Whiskey,ID,83715,Standard,165,11,2026-11-24
LKS-000310,Arthur November,ID,83415,Standard,1059,1,2026-10-19
LKS-000311,Walter Tango,NV,89518,Standard,346,2,2026-10-23
LKS-000312,Stanley Sierra,WA,99281,Standard,198,11,2026-10-10
LKS-000313,Raymond Quebec,CA,96038,Standard,1439,4,2026-11-19
LKS-000314,Howard Delta,MT,59897,Standard,1042,10,2026-10-22
LKS-000315,Maria Bravo,NV,89190,Standard,844,9,2026-10-25
LKS-000316,Howard Kilo,OR,97721,Guaranteed,1013,12,2026-11-25
LKS-000317,Willie Oscar,CA,95898,Standard,731,9,2026-10-17
LKS-000318,Walter Tango,CA,96024,Standard,451,10,2026-11-03
LKS-000319,Walter Quebec,NV,89561,Standard,1035,3,2026-10-20
LKS-000320,Howard Oscar,CA,96071,Expedited,1117,11,2026-10-21
LKS-000321,Maria Foxtrot,MT,59827,Expedited,975,4,2026-11-08
LKS-000322,Harold Romeo,OR,97786,Standard,1074,2,2026-10-12
LKS-000323,Maria Whiskey,MT,59114,Expedited,103,3,2026-11-03
LKS-000324,Vera Juliett,ID,83790,Standard,916,4,2026-11-26
LKS-000325,Chester Juliett,OR,97223,Standard,1338,4,2026-10-08
LKS-000326,Carmen India,NV,89166,Standard,1310,3,2026-10-17
LKS-000327,Stanley Charlie,WA,98121,Standard,834,8,2026-11-09
LKS-000328,Arthur Oscar,OR,97298,Standard,1126,7,2026-10-26
LKS-000329,Chester Mike,NV,89128,Standard,551,2,2026-11-30
LKS-000240,Eugene Zulu,ID,83442,Standard,1783,3,2026-11-02
LKS-000331,Mabel Echo,NV,89535,Expedited,1497,11,2026-11-23
LKS-000332,Robert Uniform,MT,59884,Expedited,475,3,2026-11-09
LKS-000333,Carmen Quebec,MT,59181,Standard,315,1,2026-11-19
LKS-000334,Ernest Sierra,MT,59192,Standard,1255,8,2026-11-24
LKS-000335,Linda Oscar,OR,97786,Guaranteed,518,7,2026-10-31
LKS-000336,Victor Victor,NV,89581,Standard,127,8,2026-12-01
LKS-000337,Vera Zulu,ID,83773,Standard,363,3,2026-11-04
LKS-000338,Eugene Victor,MT,59817,Standard,1469,9,2026-11-13
LKS-000339,Clarence Yankee,ID,83437,Standard,1300,7,2026-10-20
LKS-000340,James Mike,NV,89570,Standard,1383,8,2026-10-28
LKS-000341,Harold Xray,MT,59183,Standard,1765,6,2026-11-30
LKS-000342,Marvin Quebec,NV,89590,Guaranteed,107,2,2026-10-09
LKS-000343,Howard India,WA,99244,Standard,1793,9,2026-10-15
LKS-000344,Ernest Lima,OR,97440,Standard,273,3,2026-11-06
LKS-000345,Mabel Papa,WA,99260,Expedited,1325,3,2026-10-12
LKS-000346,Marvin Whiskey,MT,59148,Guaranteed,1076,1,2026-10-17
LKS-000347,Alma Delta,CA,96073,Standard,1625,11,2026-11-03
LKS-000348,Leon Papa,ID,83752,Expedited,895,11,2026-10-09
LKS-000349,Mabel Uniform,OR,97713,Expedited,691,8,2026-10-29
LKS-000350,Mabel November,NV,,Standard,115,6,2026-11-14
LKS-000351,Rosa Golf,ID,83499,Standard,352,9,2026-11-07
LKS-000352,Stanley Kilo,ID,83738,Standard,71,11,2026-10-25
LKS-000353,Chester India,ID,83478,Guaranteed,298,11,2026-10-06
LKS-000354,Vera Uniform,OR,97298,Standard,1159,5,2026-11-14
LKS-000355,Maria Delta,ID,83784,Guaranteed,368,3,2026-12-02
LKS-000356,Cora Bravo,MT,59813,Standard,885,10,2026-11-08
LKS-000357,Victor Juliett,WA,98144,Guaranteed,1058,9,2026-10-05
LKS-000358,Norman Lima,OR,97468,Guaranteed,1424,12,2026-11-25
LKS-000359,Marvin Whiskey,WA,98125,Standard,557,1,2026-10-12
LKS-000360,Cora Charlie,MT,59182,Guaranteed,919,9,2026-10-06
LKS-000361,Marvin Oscar,ID,83726,Expedited,1732,6,2026-11-05
LKS-000362,Opal Quebec,OR,97427,Expedited,1434,1,2026-11-21
LKS-000363,Lucille Lima,MT,59834,Expedited,1022,7,2026-11-08
LKS-000364,Harold Papa,MT,59856,Expedited,744,4,2026-11-18
LKS-000365,Victor Quebec,OR,97220,Standard,891,5,2026-11-16
LKS-000366,Linda Tango,OR,97410,Expedited,480,1,2026-10-29
LKS-000367,Frank Golf,NV,89114,Guaranteed,1592,1,2026-10-16
LKS-000368,James Juliett,MT,59123,Standard,527,10,2026-12-03
LKS-000369,Gloria Oscar,MT,59812,Standard,1273,6,2026-10-20
LKS-000370,Raymond Lima,CA,96051,Expedited,1542,10,2026-11-25
LKS-000371,Vera Xray,ID,83459,Expedited,1089,2,2026-10-13
LKS-000372,Gloria Uniform,ID,83767,Guaranteed,1748,2,2026-11-01
LKS-000373,Ernest Papa,CA,96061,Expedited,578,10,2026-12-04
LKS-000374,Carmen Sierra,ID,83418,Expedited,466,7,2026-11-20
LKS-000375,Opal Yankee,MT,59882,Expedited,-40,8,2026-11-28
LKS-000376,Otis Foxtrot,NV,89181,Standard,442,1,2026-10-10
LKS-000377,Ernest Sierra,WA,98417,Guaranteed,62,5,2026-10-15
LKS-000378,Alma Kilo,CA,96039,Standard,636,3,2026-10-07
LKS-000379,Ernest India,ID,83716,Expedited,1534,9,2026-10-13
LKS-000380,Carmen November,NV,89150,Standard,1293,3,2026-10-26
LKS-000381,Arthur Papa,ID,83776,Standard,1196,4,2026-10-07
LKS-000382,Robert Juliett,MT,59822,Standard,1168,10,2026-11-10
LKS-000383,Eugene Tango,CA,96054,Standard,1152,1,2026-11-20
LKS-000384,James Mike,OR,97228,Standard,563,4,2026-11-19
LKS-000385,Vera Mike,WA,99217,Standard,145,5,2026-10-11
LKS-000386,Otis Juliett,WA,99253,Standard,46,2,2026-11-16
LKS-000387,Vera Tango,WA,99220,Expedited,971,2,2026-11-13
LKS-000388,Arthur Sierra,OR,97257,Standard,1043,3,2026-10-26
LKS-000389,Vera India,WA,98495,Standard,1148,1,2026-12-02
LKS-000390,Gloria Echo,ID,83463,Standard,774,8,2026-12-04
LKS-000391,Eugene Kilo,OR,97446,Standard,579,8,2026-10-18
LKS-000392,Ernest Papa,MT,59182,Standard,719,7,2026-11-25
LKS-000393,Vera Bravo,WA,99244,Standard,136,6,2026-10-28
LKS-000394,Vera Delta,MT,59888,Standard,555,2,2026-10-11
LKS-000395,Carmen Bravo,WA,98170,Expedited,1681,10,2026-10-20
LKS-000396,Leon Delta,CA,96068,Standard,738,9,2026-11-19
LKS-000397,Arthur Zulu,WA,99299,Standard,95,1,2026-10-08
LKS-000398,Robert Kilo,ID,83767,Guaranteed,1587,7,2026-10-28
LKS-000399,Vera Whiskey,CA,96010,Standard,284,7,2026-11-16
LKS-000290,Robert Uniform,CA,95835,Expedited,1169,9,2026-10-28
LKS-000401,Mabel Tango,OR,97765,Standard,1376,12,2026-11-24
LKS-000402,Dorothy Xray,ID,83489,Guaranteed,917,1,2026-11-24
LKS-000403,Walter Uniform,NV,89546,Standard,812,10,2026-12-04
LKS-000404,Ida Whiskey,NV,89126,Expedited,1139,11,2026-10-30
LKS-000405,Carmen Sierra,ID,83769,Standard,275,11,2026-11-03
LKS-000406,Harold Quebec,MT,59819,Standard,542,11,2026-10-12
LKS-000407,Howard Golf,NV,89133,Guaranteed,945,12,2026-10-25
LKS-000408,Harold November,MT,59813,Standard,1287,7,2026-10-29
LKS-000409,Alfredo Juliett,NV,89133,Expedited,1428,8,2026-11-20
LKS-000410,Maria Xray,OR,97456,Standard,966,10,2026-11-03
LKS-000411,Norman Uniform,ID,83489,Standard,399,6,2026-11-03
LKS-000412,Rufus Romeo,CA,95823,Expedited,54,5,2026-11-10
LKS-000413,Clarence Foxtrot,WA,98195,Expedited,911,12,2026-11-08
LKS-000414,Hazel Xray,CA,95869,Expedited,329,9,2026-12-04
LKS-000415,Marvin Romeo,WA,98144,Standard,271,4,2026-10-21
LKS-000416,Raymond Golf,CA,96044,Standard,98,10,2026-10-18
LKS-000417,Leon Juliett,ID,83742,Standard,821,4,2026-12-01
LKS-000418,Carmen Sierra,NV,89149,Expedited,1237,6,2026-11-17
LKS-000419,Pearl Papa,MT,59142,Standard,1511,7,2026-11-25
LKS-000420,Hazel Bravo,CA,95868,Guaranteed,1288,1,2026-11-11
LKS-000421,Carmen November,ID,83717,Standard,1783,6,2026-11-04
LKS-000422,Mabel November,OR,97233,Expedited,1793,2,2026-10-21
LKS-000423,Alfredo Oscar,NV,89540,Guaranteed,518,10,2026-10-25
LKS-000424,Chester Romeo,CA,96055,Guaranteed,1586,9,2026-10-31
LKS-000425,Marvin Romeo,CA,96089,Standard,1229,2,2026-10-27
LKS-000426,Victor Tango,ID,83435,Standard,901,10,2026-11-22
LKS-000427,Linda Oscar,ID,83716,Guaranteed,1729,8,2026-10-11
LKS-000428,Frank Oscar,ID,83779,Guaranteed,1529,3,2026-11-10
LKS-000429,Maria Hotel,MT,59835,Expedited,1237,2,2026-11-13
LKS-000430,Clarence Echo,OR,97788,Standard,442,11,2026-11-24
LKS-000431,Opal Charlie,OR,97786,Expedited,465,4,2026-11-27
LKS-000432,Robert Delta,WA,98151,Standard,1490,3,2026-12-02
LKS-000433,Clarence Alpha,OR,97720,Standard,1051,12,2026-11-05
LKS-000434,Linda Romeo,MT,59141,Guaranteed,1148,1,2026-11-15
LKS-000435,Howard Echo,ID,83482,Standard,608,9,2026-10-31
LKS-000436,Clarence Kilo,WA,98113,Standard,741,8,2026-11-26
LKS-000437,Harold Whiskey,ID,83486,Standard,750,2,2026-11-19
LKS-000438,Rosa Kilo,MT,59896,Standard,636,10,2026-11-15
LKS-000439,Sylvia India,OR,97277,Standard,1527,4,2026-10-21
LKS-000440,Alfredo Lima,ID,83730,Standard,826,7,2026-10-19
LKS-000441,Willie Echo,WA,98421,Expedited,1794,6,2026-10-20
LKS-000442,Victor Bravo,ID,83736,Standard,1550,5,2026-10-28
LKS-000443,Alfredo Bravo,NV,89185,Guaranteed,1418,3,2026-10-18
LKS-000444,Frank Kilo,CA,96058,Standard,1722,4,2026-11-03
LKS-000445,Otis Quebec,WA,98443,Expedited,1417,12,2026-10-22
LKS-000446,Arthur Yankee,OR,97428,Standard,895,1,2026-10-20
LKS-000447,Walter Delta,WA,98186,Standard,958,12,2026-12-02
LKS-000448,Pearl Bravo,NV,89195,Standard,352,4,2026-10-11
LKS-000449,Linda Mike,WA,99241,Standard,625,1,2026-11-04
LKS-000450,Stanley Papa,CA,95884,Standard,723,12,2026-11-13
