event_id,shipment_id,status,event_date,terminal
EVT-700001,SHP-99000170,delivered,2026-07-23,Portland terminal
EVT-700002,SHP-99000098,returned,2026-09-06,Bend terminal
EVT-700003,SHP-99000063,exception,2026-09-04,Boise terminal
EVT-700004,SHP-99000133,delivered,2026-08-28,Billings terminal
EVT-700005,SHP-99000191,out_for_delivery,2026-08-27,Boise terminal
EVT-700006,SHP-99000061,exception,2026-08-08,Portland terminal
EVT-700007,SHP-99000034,exception,2026-07-10,Reno terminal
EVT-700008,SHP-99000165,delivered,2026-08-14,Billings terminal
EVT-700009,SHP-99000100,exception,2026-07-23,Spokane terminal
EVT-700010,SHP-99000106,delivered,2026-07-17,Redding terminal
EVT-700011,SHP-99000010,delivered,2026-08-09,Reno terminal
EVT-700012,SHP-99000065,delivered,2026-08-27,Boise terminal
EVT-700013,SHP-99000084,delivered,2026-09-13,Boise terminal
EVT-700014,SHP-99000161,out_for_delivery,2026-08-14,Spokane terminal
EVT-700015,SHP-99000079,delivered,2026-09-21,Billings terminal
EVT-700016,SHP-99000127,delivered,2026-09-30,Billings terminal
EVT-700017,SHP-99000004,out_for_delivery,2026-08-18,Boise terminal
EVT-700018,SHP-99000078,returned,2026-09-22,Kent terminal
EVT-700019,SHP-99000139,delivered,2026-08-31,Boise terminal
EVT-700020,SHP-99000177,delivered,2026-08-28,Kent terminal
EVT-700021,SHP-99000015,delivered,2026-08-24,Reno terminal
EVT-700022,SHP-99000049,delivered,2026-08-21,Boise terminal
EVT-700023,SHP-99000118,delivered,2026-08-13,Kent terminal
EVT-700024,SHP-99000022,delivered,2026-08-31,Spokane terminal
EVT-700025,SHP-99000164,returned,2026-07-08,Spokane terminal
EVT-700026,SHP-99000141,delivered,2026-07-28,Billings terminal
EVT-700027,SHP-99000057,out_for_delivery,2026-07-05,Billings terminal
EVT-700028,SHP-99000136,delivered,2026-07-18,Portland terminal
EVT-700029,SHP-99000115,exception,2026-08-26,Portland terminal
EVT-700030,SHP-99000028,exception,2026-07-23,Bend terminal
EVT-700031,SHP-99000119,exception,2026-07-29,Portland terminal
EVT-700032,SHP-99000184,delivered,2026-07-26,Billings terminal
EVT-700033,SHP-99000074,exception,2026-09-03,Reno terminal
EVT-700034,SHP-99000018,delivered,2026-07-03,Reno terminal
EVT-700035,SHP-99000176,returned,2026-08-19,Spokane terminal
EVT-700036,SHP-99000120,delivered,2026-08-17,Spokane terminal
EVT-700037,SHP-99000053,delivered,2026-09-24,Billings terminal
EVT-700038,SHP-99000152,exception,2026-08-29,Spokane terminal
EVT-700039,SHP-99000173,delivered,2026-08-03,Kent terminal
EVT-700040,SHP-99000174,delivered,2026-07-27,Kent terminal
EVT-700041,SHP-99000162,exception,2026-08-11,Kent terminal
EVT-700042,SHP-99000073,delivered,2026-07-10,Boise terminal
EVT-700043,SHP-99000109,exception,2026-07-31,Boise terminal
EVT-700044,SHP-99000124,returned,2026-09-01,Billings terminal
EVT-700045,SHP-99000147,out_for_delivery,2026-08-08,Portland terminal
EVT-700046,SHP-99000117,out_for_delivery,2026-07-29,Bend terminal
EVT-700047,SHP-99000087,delivered,2026-08-16,Redding terminal
EVT-700048,SHP-99000163,delivered,2026-09-19,Billings terminal
EVT-700049,SHP-99000016,delivered,2026-09-03,Billings terminal
EVT-700050,SHP-99000029,delivered,2026-07-25,Portland terminal
EVT-700051,SHP-99000060,exception,2026-07-18,Spokane terminal
EVT-700052,SHP-99000094,delivered,2026-07-14,Billings terminal
EVT-700053,SHP-99000007,delivered,2026-07-19,Billings terminal
EVT-700054,SHP-99000031,delivered,2026-09-05,Redding terminal
EVT-700055,SHP-99000194,delivered,2026-08-02,Portland terminal
EVT-700056,SHP-99000043,delivered,2026-09-06,Portland terminal
EVT-700057,SHP-99000023,delivered,2026-08-26,Bend terminal
EVT-700058,SHP-99000047,delivered,2026-08-14,Boise terminal
EVT-700059,SHP-99000066,delivered,2026-08-23,Boise terminal
EVT-700060,SHP-99000072,delivered,2026-09-14,Billings terminal
EVT-700061,SHP-99000006,delivered,2026-09-10,Redding terminal
EVT-700062,SHP-99000122,delivered,2026-07-14,Boise terminal
EVT-700063,SHP-99000113,exception,2026-07-10,Portland terminal
EVT-700064,SHP-99000180,delivered,2026-08-24,Redding terminal
EVT-700065,SHP-99000130,returned,2026-07-21,Boise terminal
EVT-700066,SHP-99000111,returned,2026-09-08,Billings terminal
EVT-700067,SHP-99000032,exception,2026-07-24,Reno terminal
EVT-700068,SHP-99000159,delivered,2026-08-14,Spokane terminal
EVT-700069,SHP-99000144,delivered,2026-08-23,Reno terminal
EVT-700070,SHP-99000195,delivered,2026-07-16,Billings terminal
EVT-700071,SHP-99000187,delivered,2026-08-06,Portland terminal
EVT-700072,SHP-99000021,delivered,2026-07-17,Reno terminal
EVT-700073,SHP-99000143,exception,2026-09-01,Billings terminal
EVT-700074,SHP-99000128,delivered,2026-08-01,Spokane terminal
EVT-700075,SHP-99000199,delivered,2026-09-01,Kent terminal
EVT-700076,SHP-99000200,delivered,2026-07-16,Portland terminal
EVT-700077,SHP-99000178,delivered,2026-09-28,Kent terminal
EVT-700078,SHP-99000135,delivered,2026-08-02,Reno terminal
EVT-700079,SHP-99000103,delivered,2026-09-03,Boise terminal
EVT-700080,SHP-99000002,returned,2026-08-16,Kent terminal
EVT-700081,SHP-99000003,exception,2026-08-05,Portland terminal
EVT-700082,SHP-99000041,out_for_delivery,2026-07-31,Redding terminal
EVT-700083,SHP-99000166,delivered,2026-07-21,Bend terminal
EVT-700084,SHP-99000092,exception,2026-08-07,Reno terminal
EVT-700085,SHP-99000001,delivered,2026-09-05,Reno terminal
EVT-700086,SHP-99000081,delivered,2026-07-09,Spokane terminal
EVT-700087,SHP-99000071,out_for_delivery,2026-08-16,Bend terminal
EVT-700088,SHP-99000182,out_for_delivery,2026-08-02,Kent terminal
EVT-700089,SHP-99000042,delivered,2026-08-27,Reno terminal
EVT-700090,SHP-99000129,delivered,2026-07-26,Portland terminal
EVT-700091,SHP-99000108,out_for_delivery,2026-07-13,Bend terminal
EVT-700092,SHP-99000086,delivered,2026-08-31,Redding terminal
EVT-700093,SHP-99000146,exception,2026-08-25,Portland terminal
EVT-700094,SHP-99000040,exception,2026-07-29,Spokane terminal
EVT-700095,SHP-99000019,delivered,2026-08-12,Portland terminal
EVT-700096,SHP-99000104,delivered,2026-08-30,Billings terminal
EVT-700097,SHP-99000012,delivered,2026-09-04,Spokane terminal
EVT-700098,SHP-99000125,delivered,2026-08-10,Reno terminal
EVT-700099,SHP-99000059,delivered,2026-09-11,Boise terminal
EVT-700100,SHP-99000101,delivered,2026-08-26,Billings terminal
EVT-700101,SHP-99000097,out_for_delivery,2026-07-27,Bend terminal
EVT-700102,SHP-99000058,delivered,2026-07-24,Boise terminal
EVT-700103,SHP-99000151,delivered,2026-09-21,Bend terminal
EVT-700104,SHP-99000020,delivered,2026-07-23,Portland terminal
EVT-700105,SHP-99000044,delivered,2026-08-29,Redding terminal
EVT-700106,SHP-99000179,delivered,2026-07-30,Kent terminal
EVT-700107,SHP-99000149,returned,2026-09-02,Boise terminal
EVT-700108,SHP-99000048,exception,2026-09-21,Redding terminal
EVT-700109,SHP-99000188,out_for_delivery,2026-09-03,Kent terminal
EVT-700110,SHP-99000142,delivered,2026-07-13,Bend terminal
EVT-700111,SHP-99000068,delivered,2026-09-03,Boise terminal
EVT-700112,SHP-99000169,delivered,2026-08-17,Kent terminal
EVT-700113,SHP-99000110,delivered,2026-09-23,Spokane terminal
EVT-700114,SHP-99000121,out_for_delivery,2026-07-31,Bend terminal
EVT-700115,SHP-99000069,delivered,2026-08-30,Kent terminal
EVT-700116,SHP-99000157,delivered,2026-08-06,Portland terminal
EVT-700117,SHP-99000185,delivered,2026-08-28,Portland terminal
EVT-700118,SHP-99000080,delivered,2026-07-16,Boise terminal
EVT-700119,SHP-99000155,delivered,2026-09-09,Billings terminal
EVT-700120,SHP-99000160,delivered,2026-08-11,Portland terminal
EVT-700121,SHP-99000116,delivered,2026-07-11,Reno terminal
EVT-700122,SHP-99000052,exception,2026-08-20,Redding terminal
EVT-700123,SHP-99000153,delivered,2026-08-24,Portland terminal
EVT-700124,SHP-99000154,delivered,2026-08-11,Boise terminal
EVT-700125,SHP-99000156,delivered,2026-08-30,Kent terminal
EVT-700126,SHP-99000026,delivered,2026-08-09,Kent terminal
EVT-700127,SHP-99000093,returned,2026-08-12,Reno terminal
EVT-700128,SHP-99000083,delivered,2026-08-13,Portland terminal
EVT-700129,SHP-99000067,returned,2026-07-12,Kent terminal
EVT-700130,SHP-99000189,out_for_delivery,2026-08-29,Portland terminal
EVT-700131,SHP-99000070,returned,2026-07-07,Billings terminal
EVT-700132,SHP-99000090,out_for_delivery,2026-08-07,Billings terminal
EVT-700133,SHP-99000193,delivered,2026-08-11,Boise terminal
EVT-700134,SHP-99000017,delivered,2026-09-13,Kent terminal
EVT-700135,SHP-99000099,delivered,2026-07-12,Spokane terminal
EVT-700136,SHP-99000039,out_for_delivery,2026-07-26,Spokane terminal
EVT-700137,SHP-99000027,delivered,2026-09-07,Redding terminal
EVT-700138,SHP-99000077,delivered,2026-08-22,Boise terminal
EVT-700139,SHP-99000014,exception,2026-08-26,Boise terminal
EVT-700140,SHP-99000062,delivered,2026-07-23,Bend terminal
EVT-700141,SHP-99000025,out_for_delivery,2026-09-15,Boise terminal
EVT-700142,SHP-99000005,delivered,2026-08-08,Portland terminal
EVT-700143,SHP-99000158,out_for_delivery,2026-09-27,Redding terminal
EVT-700144,SHP-99000054,delivered,2026-08-12,Spokane terminal
EVT-700145,SHP-99000167,exception,2026-07-28,Billings terminal
EVT-700146,SHP-99000138,out_for_delivery,2026-08-29,Kent terminal
EVT-700147,SHP-99000009,delivered,2026-07-18,Boise terminal
EVT-700148,SHP-99000175,delivered,2026-09-02,Redding terminal
EVT-700149,SHP-99000064,delivered,2026-09-11,Kent terminal
EVT-700150,SHP-99000024,delivered,2026-07-05,Portland terminal
EVT-700151,SHP-99000172,out_for_delivery,2026-07-27,Kent terminal
EVT-700152,SHP-99000089,delivered,2026-09-08,Billings terminal
EVT-700153,SHP-99000131,delivered,2026-08-25,Kent terminal
EVT-700154,SHP-99000112,out_for_delivery,2026-07-12,Kent terminal
EVT-700155,SHP-99000055,delivered,2026-09-04,Portland terminal
EVT-700156,SHP-99000114,exception,2026-07-23,Spokane terminal
EVT-700157,SHP-99000035,delivered,2026-08-07,Reno terminal
EVT-700158,SHP-99000095,out_for_delivery,2026-09-01,Kent terminal
EVT-700159,SHP-99000132,delivered,2026-07-23,Boise terminal
EVT-700160,SHP-99000088,out_for_delivery,2026-07-05,Redding terminal
