shipment_id,larkspur_ref,consignee_name,address,city,dest_state,zip,phone,service_level,weight_lbs,pieces,pickup_date,promised_date
SHP-99000001,LKS-000001,Stanley Yankee,574 Example Ln,Reno,NV,89571,(868) 555-0181,Standard,1648,11,2026-08-31,2026-09-05
SHP-99000002,LKS-000002,Stanley Sierra,882 Example Ln,Seattle,WA,98153,(272) 555-0195,Guaranteed,1776,9,2026-08-13,2026-08-15
SHP-99000003,LKS-000003,Alma Zulu,496 Example Blvd,Portland,OR,97290,(652) 555-0161,Expedited,449,4,2026-07-29,2026-08-01
SHP-99000004,LKS-000004,Walter Oscar,778 Placeholder Rd,Idaho Falls,ID,83486,(800) 555-0121,Guaranteed,1285,8,2026-08-18,2026-08-19
SHP-99000005,LKS-000005,Victor Yankee,419 Example Blvd,Portland,OR,97220,(694) 555-0174,Expedited,631,12,2026-08-06,2026-08-09
SHP-99000006,LKS-000006,Ida Hotel,463 Example Ln,Redding,CA,96051,(973) 555-0179,Expedited,1388,3,2026-09-08,2026-09-10
SHP-99000007,LKS-000007,Cora Golf,552 Example Ave,Missoula,MT,59849,(530) 555-0132,Guaranteed,163,2,2026-07-13,2026-07-15
SHP-99000008,LKS-000008,Willie Romeo,961 Example Ln,Idaho Falls,ID,83477,(981) 555-0140,Expedited,395,6,2026-07-29,2026-08-01
SHP-99000009,LKS-000009,Rosa Quebec,751 Example Ln,Boise,ID,83724,(215) 555-0150,Guaranteed,1414,11,2026-07-17,2026-07-18
SHP-99000010,LKS-000010,Opal Tango,787 Sample St,Las Vegas,NV,89110,(729) 555-0177,Guaranteed,1249,12,2026-08-04,2026-08-05
SHP-99000011,LKS-000011,Cora Sierra,880 Sample St,Tacoma,WA,98482,(975) 555-0172,Guaranteed,908,12,2026-07-24,2026-07-26
SHP-99000012,LKS-000012,Sylvia Papa,240 Placeholder Rd,Spokane,WA,99271,(251) 555-0147,Expedited,920,12,2026-09-02,2026-09-04
SHP-99000013,LKS-000013,Norman Juliett,408 Sample St,Las Vegas,NV,89144,(576) 555-0197,Standard,246,9,2026-07-17,2026-07-20
SHP-99000014,LKS-000014,Rufus Zulu,347 Example Blvd,Idaho Falls,ID,83419,(654) 555-0191,Standard,1386,11,2026-08-24,2026-08-27
SHP-99000015,LKS-000015,Willie Victor,796 Sample St,Reno,NV,89561,(379) 555-0136,Expedited,982,7,2026-08-21,2026-08-24
SHP-99000016,LKS-000016,Raymond Charlie,318 Example Ave,Billings,MT,59152,(751) 555-0170,Expedited,923,11,2026-09-01,2026-09-03
SHP-99000017,LKS-000017,Leon Juliett,810 Sample St,Tacoma,WA,98494,(214) 555-0187,Guaranteed,1219,9,2026-09-12,2026-09-14
SHP-99000018,LKS-000018,Alma Papa,926 Example Ln,Las Vegas,NV,89113,(625) 555-0147,Expedited,734,1,2026-07-01,2026-07-03
SHP-99000019,LKS-000019,Ida Whiskey,338 Sample St,Eugene,OR,97446,(290) 555-0190,Standard,1744,6,2026-08-02,2026-08-08
SHP-99000020,LKS-000020,Eugene Juliett,180 Example Ln,Portland,OR,97289,(461) 555-0176,Expedited,487,4,2026-07-17,2026-07-19
SHP-99000021,LKS-000021,Willie Quebec,793 Example Blvd,Reno,NV,89572,(909) 555-0179,Expedited,408,7,2026-07-16,2026-07-18
SHP-99000022,LKS-000022,Harold November,685 Sample St,Spokane,WA,99224,(235) 555-0111,Standard,639,8,2026-08-26,2026-08-31
SHP-99000023,LKS-000023,Mabel Foxtrot,496 Example Blvd,Bend,OR,97781,(554) 555-0132,Guaranteed,218,2,2026-08-26,2026-08-27
SHP-99000024,LKS-000024,Linda Zulu,371 Sample St,Portland,OR,97296,(380) 555-0181,Expedited,1800,12,2026-07-03,2026-07-05
SHP-99000025,LKS-000025,Alma Charlie,188 Placeholder Rd,Idaho Falls,ID,83435,(244) 555-0175,Standard,590,1,2026-09-12,2026-09-15
SHP-99000026,LKS-000026,James Golf,100 Example Blvd,Seattle,WA,98137,(473) 555-0156,Standard,405,11,2026-08-03,2026-08-09
SHP-99000027,LKS-000027,Maria Foxtrot,944 Sample St,Redding,CA,96061,(519) 555-0122,Standard,830,2,2026-09-03,2026-09-08
SHP-99000028,LKS-000028,Robert Sierra,662 Example Blvd,Bend,OR,97766,(543) 555-0159,Standard,296,6,2026-07-17,2026-07-23
SHP-99000029,LKS-000029,Vera Golf,144 Sample St,Eugene,OR,97463,(673) 555-0164,Standard,799,8,2026-07-21,2026-07-25
SHP-99000030,LKS-000030,Mabel Quebec,411 Sample St,Boise,ID,83710,(808) 555-0179,Standard,1432,9,2026-07-23,2026-07-30
SHP-99000031,LKS-000031,Cora Victor,423 Sample St,Sacramento,CA,95893,(524) 555-0140,Standard,790,8,2026-08-30,2026-09-05
SHP-99000032,LKS-000032,Mabel Alpha,869 Placeholder Rd,Reno,NV,89567,(677) 555-0140,Standard,522,6,2026-07-17,2026-07-20
SHP-99000033,LKS-000033,Lucille Quebec,453 Example Ln,Bend,OR,97782,(985) 555-0117,Expedited,1055,5,2026-08-25,2026-08-28
SHP-99000034,LKS-000034,Dorothy Victor,903 Placeholder Rd,Reno,NV,89547,(820) 555-0161,Standard,730,9,2026-07-04,2026-07-07
SHP-99000035,LKS-000035,Walter Delta,779 Placeholder Rd,Las Vegas,NV,89195,(943) 555-0184,Standard,539,8,2026-08-03,2026-08-07
SHP-99000036,LKS-000036,Walter Quebec,469 Sample St,Redding,CA,96044,(629) 555-0128,Standard,496,11,2026-09-15,2026-09-20
SHP-99000037,LKS-000037,Marvin Victor,644 Placeholder Rd,Boise,ID,83771,(259) 555-0161,Standard,520,5,2026-07-18,2026-07-23
SHP-99000038,LKS-000038,Ruth Xray,259 Example Blvd,Seattle,WA,98199,(989) 555-0111,Expedited,1424,6,2026-09-14,2026-09-17
SHP-99000039,LKS-000039,Howard Victor,375 Example Ave,Spokane,WA,99257,(500) 555-0182,Standard,1627,8,2026-07-24,2026-07-27
SHP-99000040,LKS-000040,Bessie Hotel,230 Example Ln,Spokane,WA,99222,(522) 555-0114,Standard,940,6,2026-07-22,2026-07-27
SHP-99000041,LKS-000041,Gloria Quebec,641 Sample St,Sacramento,CA,95848,(412) 555-0149,Standard,859,4,2026-07-23,2026-07-27
SHP-99000042,LKS-000042,Frank India,295 Sample St,Reno,NV,89545,(205) 555-0180,Standard,539,4,2026-08-21,2026-08-28
SHP-99000043,LKS-000043,Vera Kilo,680 Placeholder Rd,Portland,OR,97215,(396) 555-0193,Standard,51,6,2026-09-02,2026-09-06
SHP-99000044,LKS-000044,Ida Mike,260 Example Ln,Sacramento,CA,95843,(491) 555-0114,Standard,242,11,2026-08-24,2026-08-29
SHP-99000045,LKS-000045,Otis Kilo,475 Example Blvd,Idaho Falls,ID,83497,(835) 555-0123,Standard,331,5,2026-09-18,2026-09-23
SHP-99000046,LKS-000046,Mabel Xray,297 Example Ave,Boise,ID,83721,(375) 555-0111,Standard,1328,8,2026-09-14,2026-09-18
SHP-99000047,LKS-000047,Raymond Papa,395 Placeholder Rd,Idaho Falls,ID,83448,(504) 555-0167,Standard,775,6,2026-08-10,2026-08-14
SHP-99000048,LKS-000048,Bessie Zulu,432 Placeholder Rd,Sacramento,CA,95837,(792) 555-0117,Standard,767,5,2026-09-15,2026-09-19
SHP-99000049,LKS-000049,Norman Lima,401 Example Blvd,Boise,ID,83776,(790) 555-0139,Standard,807,12,2026-08-17,2026-08-21
SHP-99000050,LKS-000050,Howard Yankee,740 Example Ln,Billings,MT,59121,(940) 555-0178,Standard,745,9,2026-08-09,2026-08-15
SHP-99000051,LKS-000051,Ruth Alpha,184 Example Ln,Tacoma,WA,98424,(749) 555-0195,Standard,1312,8,2026-08-12,2026-08-18
SHP-99000052,LKS-000052,Otis Foxtrot,752 Sample St,Sacramento,CA,95899,(267) 555-0160,Standard,482,3,2026-08-11,2026-08-17
SHP-99000053,LKS-000053,Stanley Echo,243 Example Ave,Billings,MT,59161,(362) 555-0157,Expedited,1746,1,2026-09-21,2026-09-24
SHP-99000054,LKS-000054,Bessie Charlie,227 Sample St,Spokane,WA,99239,(343) 555-0149,Guaranteed,854,8,2026-08-11,2026-08-12
SHP-99000055,LKS-000055,Stanley Mike,656 Example Ln,Portland,OR,97266,(336) 555-0182,Guaranteed,351,8,2026-09-02,2026-09-04
SHP-99000056,LKS-000056,Linda Charlie,367 Sample St,Tacoma,WA,98410,(355) 555-0161,Expedited,1739,5,2026-07-16,2026-07-18
SHP-99000057,LKS-000057,Hazel Yankee,206 Example Blvd,Missoula,MT,59814,(893) 555-0173,Standard,1359,6,2026-07-01,2026-07-04
SHP-99000058,LKS-000058,Opal Foxtrot,394 Placeholder Rd,Boise,ID,83794,(362) 555-0132,Expedited,190,7,2026-07-18,2026-07-20
SHP-99000059,LKS-000059,Stanley Lima,239 Sample St,Boise,ID,83724,(605) 555-0145,Standard,1485,11,2026-09-06,2026-09-12
SHP-99000060,LKS-000060,Howard Quebec,219 Example Ln,Spokane,WA,99218,(810) 555-0133,Expedited,129,12,2026-07-17,2026-07-19
SHP-99000061,LKS-000061,Gloria Uniform,671 Sample St,Portland,OR,97240,(787) 555-0191,Standard,942,8,2026-08-02,2026-08-07
SHP-99000062,LKS-000062,Linda Juliett,258 Example Ave,Bend,OR,97744,(305) 555-0128,Standard,1353,7,2026-07-18,2026-07-23
SHP-99000063,LKS-000063,Clarence Hotel,348 Example Ln,Boise,ID,83778,(857) 555-0140,Standard,1500,12,2026-09-01,2026-09-05
SHP-99000064,LKS-000064,Walter Victor,694 Example Blvd,Seattle,WA,98123,(483) 555-0173,Guaranteed,1533,2,2026-09-10,2026-09-11
SHP-99000065,LKS-000065,Ruth Hotel,157 Example Blvd,Boise,ID,83796,(297) 555-0155,Guaranteed,1673,2,2026-08-26,2026-08-27
SHP-99000066,LKS-000066,James India,246 Example Ave,Idaho Falls,ID,83479,(801) 555-0168,Expedited,677,10,2026-08-16,2026-08-19
SHP-99000067,LKS-000067,Maria Victor,506 Example Ln,Seattle,WA,98156,(985) 555-0119,Standard,109,11,2026-07-03,2026-07-10
SHP-99000068,LKS-000068,Otis Romeo,629 Example Blvd,Idaho Falls,ID,83424,(949) 555-0198,Standard,1286,2,2026-08-28,2026-09-03
SHP-99000069,LKS-000069,Marvin Charlie,796 Example Ave,Seattle,WA,98130,(582) 555-0186,Guaranteed,1285,8,2026-08-29,2026-08-30
SHP-99000070,LKS-000070,Opal Hotel,465 Placeholder Rd,Billings,MT,59116,(225) 555-0157,Expedited,1630,11,2026-07-03,2026-07-06
SHP-99000071,LKS-000071,Carmen Zulu,230 Placeholder Rd,Bend,OR,97796,(588) 555-0187,Expedited,1326,4,2026-08-09,2026-08-12
SHP-99000072,LKS-000072,Arthur Victor,684 Sample St,Billings,MT,59184,(636) 555-0162,Standard,835,9,2026-09-09,2026-09-14
SHP-99000073,LKS-000073,Bessie Alpha,163 Example Ln,Idaho Falls,ID,83491,(923) 555-0113,Guaranteed,761,6,2026-07-08,2026-07-10
SHP-99000074,LKS-000074,Chester Kilo,223 Example Ln,Reno,NV,89512,(449) 555-0143,Expedited,1606,5,2026-09-01,2026-09-04
SHP-99000075,LKS-000075,Pearl Victor,479 Placeholder Rd,Seattle,WA,98160,(245) 555-0145,Expedited,962,9,2026-09-21,2026-09-24
SHP-99000076,LKS-000076,Estelle Alpha,445 Example Blvd,Reno,NV,89550,(690) 555-0172,Standard,819,7,2026-09-11,2026-09-15
SHP-99000077,LKS-000077,Ruth Lima,573 Sample St,Idaho Falls,ID,83440,(487) 555-0123,Standard,269,8,2026-08-19,2026-08-22
SHP-99000078,LKS-000078,Sylvia Delta,353 Placeholder Rd,Tacoma,WA,98474,(625) 555-0137,Expedited,1414,7,2026-09-18,2026-09-20
SHP-99000079,LKS-000079,Victor Whiskey,835 Example Ln,Billings,MT,59182,(690) 555-0164,Guaranteed,1090,10,2026-09-19,2026-09-21
SHP-99000080,LKS-000080,James Whiskey,778 Example Blvd,Boise,ID,83785,(365) 555-0168,Expedited,1522,4,2026-07-13,2026-07-16
SHP-99000081,LKS-000081,Cora Bravo,362 Example Blvd,Spokane,WA,99275,(239) 555-0194,Standard,769,5,2026-07-06,2026-07-09
SHP-99000082,LKS-000082,Pearl Zulu,987 Placeholder Rd,Bend,OR,97713,(867) 555-0186,Expedited,1117,6,2026-08-23,2026-08-26
SHP-99000083,LKS-000083,Dorothy Yankee,765 Example Ln,Eugene,OR,97461,(527) 555-0162,Expedited,1602,7,2026-08-06,2026-08-09
SHP-99000084,LKS-000084,Frank India,661 Placeholder Rd,Boise,ID,83716,(317) 555-0110,Standard,524,6,2026-09-06,2026-09-13
SHP-99000085,LKS-000085,Alma Victor,807 Example Ave,Reno,NV,89542,(378) 555-0157,Guaranteed,733,5,2026-07-23,2026-07-24
SHP-99000086,LKS-000086,Norman Alpha,821 Sample St,Redding,CA,96032,(228) 555-0182,Expedited,1668,5,2026-08-28,2026-08-31
SHP-99000087,LKS-000087,Gloria Golf,888 Example Blvd,Sacramento,CA,95866,(218) 555-0189,Expedited,622,1,2026-08-14,2026-08-16
SHP-99000088,LKS-000088,Estelle Romeo,967 Placeholder Rd,Redding,CA,96071,(558) 555-0146,Guaranteed,311,8,2026-07-01,2026-07-02
SHP-99000089,LKS-000089,Estelle Bravo,157 Placeholder Rd,Missoula,MT,59815,(372) 555-0113,Expedited,744,7,2026-09-06,2026-09-08
SHP-99000090,LKS-000090,Ida Delta,536 Placeholder Rd,Billings,MT,59191,(789) 555-0118,Expedited,887,3,2026-08-03,2026-08-06
SHP-99000091,LKS-000091,Ernest Alpha,687 Example Blvd,Reno,NV,89599,(325) 555-0135,Expedited,329,10,2026-07-25,2026-07-27
SHP-99000092,LKS-000092,Pearl Romeo,282 Example Blvd,Las Vegas,NV,89151,(308) 555-0145,Standard,1762,4,2026-07-30,2026-08-05
SHP-99000093,LKS-000093,Ernest Echo,564 Placeholder Rd,Las Vegas,NV,89195,(817) 555-0166,Standard,1461,4,2026-08-08,2026-08-11
SHP-99000094,LKS-000094,Ernest Bravo,753 Example Ln,Billings,MT,59157,(475) 555-0137,Expedited,1513,6,2026-07-12,2026-07-14
SHP-99000095,LKS-000095,Harold Alpha,557 Example Ave,Seattle,WA,98127,(644) 555-0179,Expedited,1430,3,2026-08-26,2026-08-28
SHP-99000096,LKS-000096,Alfredo Lima,854 Example Ave,Spokane,WA,99216,(656) 555-0140,Standard,718,6,2026-08-23,2026-08-27
SHP-99000097,LKS-000097,Hazel Sierra,801 Example Ave,Bend,OR,97764,(414) 555-0130,Standard,1484,12,2026-07-17,2026-07-23
SHP-99000098,LKS-000098,Hazel Charlie,510 Sample St,Bend,OR,97748,(482) 555-0118,Standard,750,4,2026-08-31,2026-09-04
SHP-99000099,LKS-000099,Lucille Golf,217 Example Ln,Spokane,WA,99235,(825) 555-0146,Expedited,1703,3,2026-07-10,2026-07-12
SHP-99000100,LKS-000100,Dorothy Mike,845 Example Ave,Spokane,WA,99290,(724) 555-0164,Guaranteed,988,12,2026-07-17,2026-07-19
SHP-99000101,LKS-000101,Rosa Mike,770 Example Ln,Billings,MT,59136,(765) 555-0195,Standard,1272,2,2026-08-22,2026-08-26
SHP-99000102,LKS-000102,Cora Romeo,945 Example Ln,Spokane,WA,99284,(559) 555-0196,Expedited,1582,7,2026-07-27,2026-07-29
SHP-99000103,LKS-000103,Frank Lima,374 Sample St,Idaho Falls,ID,83493,(927) 555-0120,Standard,691,7,2026-08-26,2026-08-30
SHP-99000104,LKS-000104,Alfredo Charlie,963 Example Ave,Missoula,MT,59854,(977) 555-0119,Expedited,1104,7,2026-08-28,2026-08-30
SHP-99000105,LKS-000105,Alfredo Sierra,429 Sample St,Reno,NV,89595,(655) 555-0168,Guaranteed,299,10,2026-08-04,2026-08-05
SHP-99000106,LKS-000106,Rufus Kilo,214 Example Ave,Sacramento,CA,95836,(395) 555-0118,Standard,1042,11,2026-07-12,2026-07-17
SHP-99000107,LKS-000107,Mabel Foxtrot,731 Example Ave,Spokane,WA,99276,(263) 555-0199,Expedited,1045,1,2026-08-27,2026-08-30
SHP-99000108,LKS-000108,Bessie Victor,271 Example Blvd,Bend,OR,97733,(225) 555-0198,Standard,836,6,2026-07-09,2026-07-12
SHP-99000109,LKS-000109,Frank Victor,394 Example Ln,Idaho Falls,ID,83445,(954) 555-0184,Standard,1615,10,2026-07-27,2026-07-30
SHP-99000110,LKS-000110,Maria Juliett,557 Example Ave,Spokane,WA,99224,(565) 555-0134,Expedited,268,2,2026-09-20,2026-09-23
SHP-99000111,LKS-000111,Victor India,596 Example Ave,Missoula,MT,59834,(633) 555-0110,Expedited,1075,5,2026-09-04,2026-09-07
SHP-99000112,LKS-000112,Linda Tango,487 Example Ave,Seattle,WA,98112,(582) 555-0174,Guaranteed,235,12,2026-07-11,2026-07-13
SHP-99000113,LKS-000113,Otis Bravo,196 Placeholder Rd,Eugene,OR,97487,(518) 555-0114,Standard,104,12,2026-07-05,2026-07-08
SHP-99000114,LKS-000114,Eugene Victor,459 Sample St,Spokane,WA,99290,(695) 555-0167,Standard,134,1,2026-07-12,2026-07-19
SHP-99000115,LKS-000115,Rufus Kilo,715 Example Ave,Portland,OR,97280,(397) 555-0181,Standard,524,3,2026-08-16,2026-08-23
SHP-99000116,LKS-000116,Howard Xray,564 Placeholder Rd,Reno,NV,89582,(930) 555-0117,Standard,904,4,2026-07-05,2026-07-11
SHP-99000117,LKS-000117,Stanley Alpha,272 Sample St,Bend,OR,97717,(681) 555-0138,Standard,1184,10,2026-07-21,2026-07-28
SHP-99000118,LKS-000118,Chester Sierra,963 Example Blvd,Tacoma,WA,98414,(458) 555-0110,Standard,849,4,2026-08-06,2026-08-09
SHP-99000119,LKS-000119,Alfredo Sierra,789 Example Ln,Eugene,OR,97411,(285) 555-0122,Standard,187,6,2026-07-26,2026-07-30
SHP-99000120,LKS-000120,Otis Romeo,906 Example Ave,Spokane,WA,99242,(793) 555-0129,Standard,392,1,2026-08-07,2026-08-13
SHP-99000121,LKS-000121,Norman Tango,811 Example Ave,Bend,OR,97776,(985) 555-0116,Guaranteed,1399,10,2026-07-26,2026-07-28
SHP-99000122,LKS-000122,Hazel Golf,713 Example Ln,Idaho Falls,ID,83482,(838) 555-0154,Standard,67,6,2026-07-07,2026-07-10
SHP-99000123,LKS-000123,Robert Foxtrot,872 Placeholder Rd,Boise,ID,83777,(459) 555-0138,Standard,688,1,2026-07-19,2026-07-23
SHP-99000124,LKS-000124,Arthur Tango,111 Example Blvd,Billings,MT,59111,(977) 555-0112,Standard,1101,2,2026-08-25,2026-09-01
SHP-99000125,LKS-000125,Frank Zulu,138 Placeholder Rd,Reno,NV,89549,(248) 555-0177,Standard,913,9,2026-08-06,2026-08-10
SHP-99000126,LKS-000126,Gloria Juliett,336 Sample St,Seattle,WA,98156,(213) 555-0154,Guaranteed,1336,2,2026-08-02,2026-08-04
SHP-99000127,LKS-000127,Bessie India,630 Example Ave,Missoula,MT,59851,(906) 555-0136,Standard,1041,12,2026-09-21,2026-09-26
SHP-99000128,LKS-000128,Arthur Papa,197 Example Blvd,Spokane,WA,99275,(243) 555-0132,Standard,1518,7,2026-07-25,2026-07-28
SHP-99000129,LKS-000129,Opal Golf,109 Example Ln,Eugene,OR,97415,(538) 555-0175,Expedited,1273,5,2026-07-24,2026-07-26
SHP-99000130,LKS-000130,Cora November,389 Example Ln,Boise,ID,83788,(227) 555-0174,Standard,1548,2,2026-07-17,2026-07-21
SHP-99000131,LKS-000131,Victor Charlie,933 Example Ave,Tacoma,WA,98466,(340) 555-0119,Expedited,753,12,2026-08-22,2026-08-25
SHP-99000132,LKS-000132,Ida Mike,620 Placeholder Rd,Boise,ID,83744,(505) 555-0140,Guaranteed,1304,8,2026-07-18,2026-07-19
SHP-99000133,LKS-000133,Leon Delta,917 Example Ln,Billings,MT,59136,(391) 555-0197,Standard,1023,5,2026-08-19,2026-08-24
SHP-99000134,LKS-000134,Carmen Tango,132 Example Blvd,Seattle,WA,98144,(450) 555-0157,Guaranteed,1057,3,2026-07-09,2026-07-10
SHP-99000135,LKS-000135,Bessie Oscar,481 Placeholder Rd,Las Vegas,NV,89143,(905) 555-0118,Standard,1354,1,2026-07-27,2026-08-02
SHP-99000136,LKS-000136,Alma Papa,641 Example Blvd,Eugene,OR,97473,(565) 555-0185,Expedited,214,2,2026-07-12,2026-07-14
SHP-99000137,LKS-000137,Ruth Romeo,144 Example Ln,Portland,OR,97272,(577) 555-0187,Guaranteed,484,7,2026-07-29,2026-07-30
SHP-99000138,LKS-000138,Lucille Tango,822 Example Blvd,Seattle,WA,98170,(939) 555-0155,Expedited,1413,1,2026-08-28,2026-08-30
SHP-99000139,LKS-000139,Rosa Bravo,807 Example Ave,Idaho Falls,ID,83445,(428) 555-0128,Expedited,1774,1,2026-08-30,2026-09-01
SHP-99000140,LKS-000140,Alfredo Papa,567 Example Ln,Redding,CA,96060,(370) 555-0186,Guaranteed,1482,11,2026-07-14,2026-07-16
SHP-99000141,LKS-000141,Alfredo Hotel,763 Sample St,Missoula,MT,59898,(844) 555-0126,Standard,1709,12,2026-07-25,2026-07-29
SHP-99000142,LKS-000142,Mabel Romeo,245 Example Blvd,Bend,OR,97775,(371) 555-0160,Standard,1058,6,2026-07-07,2026-07-13
SHP-99000143,LKS-000143,Marvin Oscar,548 Sample St,Billings,MT,59152,(757) 555-0178,Guaranteed,346,5,2026-08-28,2026-08-30
SHP-99000144,LKS-000144,Victor Yankee,593 Sample St,Reno,NV,89532,(864) 555-0133,Expedited,228,4,2026-08-21,2026-08-23
SHP-99000145,LKS-000145,Vera Echo,454 Example Blvd,Bend,OR,97751,(301) 555-0149,Standard,1403,8,2026-07-31,2026-08-04
SHP-99000146,LKS-000146,Ruth Charlie,109 Placeholder Rd,Eugene,OR,97429,(864) 555-0140,Expedited,1030,6,2026-08-24,2026-08-26
SHP-99000147,LKS-000147,Walter Foxtrot,792 Example Ave,Eugene,OR,97481,(249) 555-0110,Guaranteed,1367,4,2026-08-04,2026-08-05
SHP-99000148,LKS-000148,Ernest Uniform,291 Sample St,Reno,NV,89598,(553) 555-0167,Standard,607,12,2026-07-29,2026-08-05
SHP-99000149,LKS-000149,Norman Juliett,255 Placeholder Rd,Boise,ID,83754,(965) 555-0127,Standard,634,6,2026-08-28,2026-08-31
SHP-99000150,LKS-000150,Victor Kilo,350 Placeholder Rd,Redding,CA,96086,(308) 555-0177,Standard,1405,9,2026-09-16,2026-09-23
SHP-99000151,LKS-000151,Pearl Whiskey,517 Sample St,Bend,OR,97797,(264) 555-0145,Expedited,1199,10,2026-09-18,2026-09-21
SHP-99000152,LKS-000152,Raymond Lima,620 Sample St,Spokane,WA,99249,(685) 555-0142,Standard,749,6,2026-08-21,2026-08-25
SHP-99000153,LKS-000153,Alma Charlie,119 Example Ave,Portland,OR,97266,(713) 555-0158,Expedited,1403,5,2026-08-22,2026-08-24
SHP-99000154,LKS-000154,Willie November,709 Example Ave,Idaho Falls,ID,83417,(390) 555-0168,Standard,612,4,2026-08-08,2026-08-11
SHP-99000155,LKS-000155,Walter Romeo,951 Example Ln,Missoula,MT,59834,(294) 555-0183,Standard,1687,5,2026-09-06,2026-09-10
SHP-99000156,LKS-000156,James Echo,977 Example Ln,Seattle,WA,98122,(967) 555-0152,Expedited,1003,7,2026-08-27,2026-08-30
SHP-99000157,LKS-000157,Pearl Uniform,829 Example Blvd,Portland,OR,97210,(830) 555-0199,Standard,1011,3,2026-07-30,2026-08-06
SHP-99000158,LKS-000158,Maria Golf,880 Sample St,Sacramento,CA,95823,(228) 555-0114,Standard,1147,1,2026-09-17,2026-09-23
SHP-99000159,LKS-000159,Pearl Sierra,332 Example Ave,Spokane,WA,99238,(591) 555-0199,Expedited,1221,6,2026-08-11,2026-08-14
SHP-99000160,LKS-000160,Sylvia Echo,958 Example Blvd,Eugene,OR,97450,(521) 555-0137,Expedited,909,6,2026-08-05,2026-08-07
SHP-99000161,LKS-000161,Alma Golf,969 Example Ln,Spokane,WA,99293,(540) 555-0112,Standard,1779,7,2026-08-04,2026-08-11
SHP-99000162,LKS-000162,Mabel Foxtrot,631 Sample St,Seattle,WA,98117,(908) 555-0189,Standard,199,8,2026-08-01,2026-08-07
SHP-99000163,LKS-000163,Sylvia Foxtrot,396 Example Ave,Missoula,MT,59833,(286) 555-0130,Standard,1041,5,2026-09-13,2026-09-20
SHP-99000164,LKS-000164,Carmen Echo,883 Placeholder Rd,Spokane,WA,99220,(316) 555-0143,Standard,1794,8,2026-07-04,2026-07-09
SHP-99000165,LKS-000165,Ernest Lima,762 Sample St,Missoula,MT,59889,(955) 555-0140,Standard,53,8,2026-08-09,2026-08-14
SHP-99000166,LKS-000166,Arthur Romeo,463 Placeholder Rd,Bend,OR,97785,(852) 555-0179,Expedited,957,12,2026-07-19,2026-07-21
SHP-99000167,LKS-000167,Robert Yankee,543 Sample St,Billings,MT,59147,(950) 555-0140,Expedited,762,11,2026-07-27,2026-07-29
SHP-99000168,LKS-000168,Raymond Quebec,253 Example Ln,Tacoma,WA,98452,(966) 555-0193,Standard,775,6,2026-07-01,2026-07-08
SHP-99000169,LKS-000169,Mabel Hotel,176 Sample St,Seattle,WA,98175,(545) 555-0195,Standard,1677,10,2026-08-06,2026-08-13
SHP-99000170,LKS-000170,Otis Victor,143 Sample St,Portland,OR,97244,(258) 555-0178,Guaranteed,1150,7,2026-07-21,2026-07-23
SHP-99000171,LKS-000171,Ernest Charlie,325 Example Ln,Boise,ID,83722,(517) 555-0146,Expedited,972,5,2026-08-01,2026-08-04
SHP-99000172,LKS-000172,Chester Mike,398 Sample St,Tacoma,WA,98446,(643) 555-0138,Expedited,161,4,2026-07-23,2026-07-25
SHP-99000173,LKS-000173,Maria Juliett,925 Example Ln,Seattle,WA,98113,(366) 555-0177,Standard,1525,5,2026-07-31,2026-08-03
SHP-99000174,LKS-000174,Frank Alpha,254 Example Blvd,Seattle,WA,98181,(348) 555-0146,Standard,600,6,2026-07-20,2026-07-27
SHP-99000175,LKS-000175,Rufus Kilo,654 Sample St,Sacramento,CA,95816,(725) 555-0168,Standard,741,1,2026-08-28,2026-09-02
SHP-99000176,LKS-000176,Cora Quebec,356 Example Ln,Spokane,WA,99234,(327) 555-0147,Standard,959,3,2026-08-14,2026-08-19
SHP-99000177,LKS-000177,James November,863 Placeholder Rd,Tacoma,WA,98476,(321) 555-0151,Standard,1133,6,2026-08-24,2026-08-28
SHP-99000178,LKS-000178,Eugene Kilo,974 Placeholder Rd,Seattle,WA,98113,(919) 555-0173,Standard,1792,2,2026-09-22,2026-09-28
SHP-99000179,LKS-000179,Rosa India,244 Example Ln,Seattle,WA,98194,(457) 555-0125,Expedited,1295,2,2026-07-23,2026-07-26
SHP-99000180,LKS-000180,Mabel Zulu,121 Example Ave,Sacramento,CA,95852,(757) 555-0165,Standard,887,5,2026-08-19,2026-08-24
SHP-99000181,LKS-000181,Raymond Echo,451 Placeholder Rd,Portland,OR,97273,(388) 555-0183,Standard,1330,7,2026-07-03,2026-07-06
SHP-99000182,LKS-000182,Mabel Bravo,566 Placeholder Rd,Seattle,WA,98123,(939) 555-0172,Expedited,55,1,2026-07-31,2026-08-03
SHP-99000183,LKS-000183,Ruth Papa,466 Placeholder Rd,Eugene,OR,97464,(635) 555-0149,Expedited,658,1,2026-08-29,2026-09-01
SHP-99000184,LKS-000184,Stanley Mike,844 Placeholder Rd,Missoula,MT,59810,(237) 555-0138,Expedited,975,1,2026-07-24,2026-07-26
SHP-99000185,LKS-000185,Ruth Kilo,916 Sample St,Portland,OR,97210,(315) 555-0150,Standard,145,7,2026-08-23,2026-08-29
SHP-99000186,LKS-000186,Chester Papa,840 Example Blvd,Idaho Falls,ID,83416,(623) 555-0159,Standard,695,12,2026-09-04,2026-09-07
SHP-99000187,LKS-000187,Ida Kilo,926 Example Blvd,Eugene,OR,97490,(659) 555-0152,Expedited,679,4,2026-08-04,2026-08-06
SHP-99000188,LKS-000188,Hazel Kilo,858 Example Ave,Tacoma,WA,98477,(856) 555-0173,Standard,1234,2,2026-08-29,2026-09-03
SHP-99000189,LKS-000189,Stanley Xray,148 Example Ave,Eugene,OR,97458,(620) 555-0185,Standard,993,12,2026-08-25,2026-08-29
SHP-99000190,LKS-000190,Lucille Yankee,453 Example Ln,Spokane,WA,99262,(841) 555-0147,Standard,1245,10,2026-08-04,2026-08-07
SHP-99000191,LKS-000191,Alfredo Alpha,812 Sample St,Boise,ID,83785,(374) 555-0197,Expedited,646,4,2026-08-22,2026-08-24
SHP-99000192,LKS-000192,Harold Zulu,747 Placeholder Rd,Portland,OR,97211,(909) 555-0163,Guaranteed,390,9,2026-07-16,2026-07-17
SHP-99000193,LKS-000193,Victor Mike,952 Placeholder Rd,Idaho Falls,ID,83460,(846) 555-0192,Standard,201,9,2026-08-05,2026-08-11
SHP-99000194,LKS-000194,Frank Charlie,178 Example Ave,Portland,OR,97292,(744) 555-0158,Guaranteed,1498,11,2026-08-01,2026-08-02
SHP-99000195,LKS-000195,Pearl November,852 Placeholder Rd,Billings,MT,59174,(362) 555-0116,Standard,342,5,2026-07-11,2026-07-17
SHP-99000196,LKS-000196,Alfredo Charlie,574 Sample St,Sacramento,CA,95821,(945) 555-0154,Standard,980,12,2026-09-20,2026-09-25
SHP-99000197,LKS-000197,Howard Foxtrot,602 Example Blvd,Tacoma,WA,98442,(986) 555-0159,Standard,709,6,2026-09-05,2026-09-08
SHP-99000198,LKS-000198,Linda Golf,779 Placeholder Rd,Boise,ID,83734,(773) 555-0111,Guaranteed,316,11,2026-07-27,2026-07-28
SHP-99000199,LKS-000199,Mabel Lima,824 Example Blvd,Seattle,WA,98127,(553) 555-0171,Standard,930,11,2026-08-29,2026-09-01
SHP-99000200,LKS-000200,Estelle Yankee,865 Placeholder Rd,Portland,OR,97264,(746) 555-0131,Expedited,987,11,2026-07-10,2026-07-12
